SONG_ID,SONG_TITLE,ST_ID,PRIORITY,ST_TAG_ID,TYPE_ID,TAG_NAME,CDATE
2466,오늘도 난,467710,2,5711,2,편안해요,2022-03-17 14:48:33
5112,끝 (End),456206,17,5766,12,신남,2022-03-31 14:31:33
7712,당신은 모르실거야 (CF - LIG 핑클편),488851,11,5322,2,화나요,2021-06-08 12:07:54
9270,매직 카펫 라이드,363115,13,5330,2,행복해요,2021-06-08 12:07:54
9302,Deep In The Night,489238,9,5322,2,화나요,2021-06-08 12:07:54
9944,언감생심,456055,9,5330,2,행복해요,2021-06-08 12:07:54
10124,Passion,456206,13,5766,12,신남,2022-03-31 14:31:33
10291,날 닮은 너,488851,10,5322,2,화나요,2021-06-08 12:07:54
14234,가을의 전설,455995,5,5759,12,슬픔,2022-03-31 14:31:33
19807,벌써 일년,466884,162,5711,2,편안해요,2022-03-17 14:48:33
26822,한 (Come A Come),488851,12,5322,2,화나요,2021-06-08 12:07:54
27236,맥주와 땅콩,363115,6,5330,2,행복해요,2021-06-08 12:07:54
27598,Reason,456030,12,5759,12,슬픔,2022-03-31 14:31:33
32616,3!4!,488851,13,5322,2,화나요,2021-06-08 12:07:54
33089,여름이야기 (Sky Mix),488851,14,5322,2,화나요,2021-06-08 12:07:54
33133,DOC와 춤을,488851,15,5322,2,화나요,2021-06-08 12:07:54
33732,동반자,467710,5,5711,2,편안해요,2022-03-17 14:48:33
38548,혼자한 사랑,488851,16,5322,2,화나요,2021-06-08 12:07:54
47405,너무 늦었잖아요,455319,9,5711,2,편안해요,2022-03-17 14:48:33
47837,슬퍼지려 하기전에,363115,11,5330,2,행복해요,2021-06-08 12:07:54
48655,사랑했어요,455995,11,5759,12,슬픔,2022-03-31 14:31:33
49829,잊혀진 계절,455319,2,5711,2,편안해요,2022-03-17 14:48:33
51158,님그림자,455319,1,5711,2,편안해요,2022-03-17 14:48:33
53954,재회,488851,3,5322,2,화나요,2021-06-08 12:07:54
57211,내가 널 닮아갈 때,455319,11,5711,2,편안해요,2022-03-17 14:48:33
61581,그리움으로 지는 너,488851,17,5322,2,화나요,2021-06-08 12:07:54
62346,게임,455284,1,5711,2,편안해요,2022-03-17 14:48:33
62458,아름다운 이별,456422,16,5711,2,편안해요,2022-03-17 14:48:33
66240,날개 잃은 천사,488851,18,5322,2,화나요,2021-06-08 12:07:54
66310,어제와 다른 오늘,488851,19,5322,2,화나요,2021-06-08 12:07:54
66328,진실 게임,488851,8,5322,2,화나요,2021-06-08 12:07:54
66337,진실 게임,455284,6,5330,2,행복해요,2021-06-08 12:07:54
66362,이별 공식,489034,19,5322,2,화나요,2021-06-08 12:07:54
66363,상심,489238,10,5322,2,화나요,2021-06-08 12:07:54
66964,작은 기다림,456422,9,5711,2,편안해요,2022-03-17 14:48:33
70148,애송이의 사랑,456375,7,5759,12,슬픔,2022-03-31 14:31:33
70696,취중진담(醉中眞談),454777,7,5330,2,행복해요,2021-06-08 12:07:54
71766,운명,489034,18,5322,2,화나요,2021-06-08 12:07:54
73338,현명한 선택,489034,17,5322,2,화나요,2021-06-08 12:07:54
73520,체인징 게임,455284,7,5330,2,행복해요,2021-06-08 12:07:54
76321,할 수 있어,489238,11,5322,2,화나요,2021-06-08 12:07:54
77694,애상,489238,13,5322,2,화나요,2021-06-08 12:07:54
79367,Take Two,456055,2,5330,2,행복해요,2021-06-08 12:07:54
79369,Take Three,456055,3,5330,2,행복해요,2021-06-08 12:07:54
79370,Take Four,456055,4,5330,2,행복해요,2021-06-08 12:07:54
82070,Love Affair,489238,12,5322,2,화나요,2021-06-08 12:07:54
83190,만남,489238,14,5322,2,화나요,2021-06-08 12:07:54
83371,적(敵),456198,19,5759,12,슬픔,2022-03-31 14:31:33
85257,바꿔,489238,15,5322,2,화나요,2021-06-08 12:07:54
85258,와,489238,16,5322,2,화나요,2021-06-08 12:07:54
91310,순정 (純情),489238,18,5322,2,화나요,2021-06-08 12:07:54
91320,실연,489238,17,5322,2,화나요,2021-06-08 12:07:54
105014,제주도 푸른밤,363115,3,5330,2,행복해요,2021-06-08 12:07:54
105699,송인,456030,11,5759,12,슬픔,2022-03-31 14:31:33
111208,사랑한다는 말,467710,6,5711,2,편안해요,2022-03-17 14:48:33
111209,다시 사랑한다 말할까,455052,7,5711,2,편안해요,2022-03-17 14:48:33
111216,망각,467710,7,5711,2,편안해요,2022-03-17 14:48:33
191093,No.1,489238,19,5322,2,화나요,2021-06-08 12:07:54
313559,우린 제법 잘 어울려요,466884,15,5711,2,편안해요,2022-03-17 14:48:33
315876,One Love,466884,115,5711,2,편안해요,2022-03-17 14:48:33
387725,I Don't Want To Miss A Thing,456422,8,5711,2,편안해요,2022-03-17 14:48:33
418168,희재,489238,1,5322,2,화나요,2021-06-08 12:07:54
421409,점점,466884,169,5711,2,편안해요,2022-03-17 14:48:33
421755,너에게,467710,11,5711,2,편안해요,2022-03-17 14:48:33
429657,그대만을,466884,113,5711,2,편안해요,2022-03-17 14:48:33
445413,사랑합니다...,466884,104,5711,2,편안해요,2022-03-17 14:48:33
449151,바램,455052,8,5711,2,편안해요,2022-03-17 14:48:33
450190,우연,456206,12,5766,12,신남,2022-03-31 14:31:33
454476,하늘을 달리다,363115,12,5330,2,행복해요,2021-06-08 12:07:54
460396,소주 한 잔,466884,25,5711,2,편안해요,2022-03-17 14:48:33
496573,사진을 보다가,466884,95,5711,2,편안해요,2022-03-17 14:48:33
500797,미워도 다시 한번 (Original Ver.),456375,6,5759,12,슬픔,2022-03-31 14:31:33
503339,파도,363115,14,5330,2,행복해요,2021-06-08 12:07:54
503472,정상에서,488851,4,5322,2,화나요,2021-06-08 12:07:54
503486,춘천가는 기차에서의 가을 여행을...,363115,1,5330,2,행복해요,2021-06-08 12:07:54
505376,이별택시,487508,10,5322,2,화나요,2021-06-08 12:07:54
515805,나는 위험한 사랑을 상상한다.,455995,12,5759,12,슬픔,2022-03-31 14:31:33
524757,눈을 보고 말해요,466884,22,5711,2,편안해요,2022-03-17 14:48:33
526391,청혼,466884,106,5711,2,편안해요,2022-03-17 14:48:33
526820,그때 또 다시 (Again),467710,13,5711,2,편안해요,2022-03-17 14:48:33
534003,너에게로 또다시,363115,9,5330,2,행복해요,2021-06-08 12:07:54
534252,사랑의 바보,466884,120,5711,2,편안해요,2022-03-17 14:48:33
534254,One Love,466884,121,5711,2,편안해요,2022-03-17 14:48:33
601978,거지,487508,12,5322,2,화나요,2021-06-08 12:07:54
611768,실수,456030,7,5759,12,슬픔,2022-03-31 14:31:33
612037,붉은 노을,363115,4,5330,2,행복해요,2021-06-08 12:07:54
623415,행복하지 말아요,466884,116,5711,2,편안해요,2022-03-17 14:48:33
623902,눈의 꽃,455052,14,5711,2,편안해요,2022-03-17 14:48:33
665228,한여름밤의 꿈,455052,11,5711,2,편안해요,2022-03-17 14:48:33
730658,젊은 미소,455319,10,5711,2,편안해요,2022-03-17 14:48:33
732373,사랑인걸,466884,52,5711,2,편안해요,2022-03-17 14:48:33
732516,나에게로 떠나는 여행,363115,8,5330,2,행복해요,2021-06-08 12:07:54
732519,가시,466884,103,5711,2,편안해요,2022-03-17 14:48:33
732524,욕심,456030,8,5759,12,슬픔,2022-03-31 14:31:33
833034,두사람,489034,14,5322,2,화나요,2021-06-08 12:07:54
845586,I Love U Oh Thank U (Feat. 김태우 Of God),466884,63,5711,2,편안해요,2022-03-17 14:48:33
848156,가슴 아파도,466884,99,5711,2,편안해요,2022-03-17 14:48:33
866705,제자리 걸음,466884,167,5711,2,편안해요,2022-03-17 14:48:33
866710,사랑스러워,456828,18,5711,2,편안해요,2022-03-17 14:48:33
905857,세글자 (드라마 '루루공주' 김정은 메인 테마),466884,136,5711,2,편안해요,2022-03-17 14:48:33
914143,"Under the Sea (From ""The Little Mermaid""/Remastered 2014)",364679,9,5330,2,행복해요,2021-06-08 12:07:54
996598,영어 선생님,488851,1,5322,2,화나요,2021-06-08 12:07:54
1002914,"Harder, Better, Faster, Stronger",364679,15,5330,2,행복해요,2021-06-08 12:07:54
1086472,겁쟁이,466884,101,5711,2,편안해요,2022-03-17 14:48:33
1087706,저녁놀,455995,6,5759,12,슬픔,2022-03-31 14:31:33
1108733,E.M.M.M,456206,19,5766,12,신남,2022-03-31 14:31:33
1114175,그 남자 그 여자 (Feat. 장혜진),466884,96,5711,2,편안해요,2022-03-17 14:48:33
1114180,술이야,466884,97,5711,2,편안해요,2022-03-17 14:48:33
1177475,남자를 몰라,466884,102,5711,2,편안해요,2022-03-17 14:48:33
1190874,아무리 생각해도 난 너를,466884,134,5711,2,편안해요,2022-03-17 14:48:33
1264830,그녀를 사랑해줘요,466884,31,5711,2,편안해요,2022-03-17 14:48:33
1416893,원하고 원망하죠,466884,154,5711,2,편안해요,2022-03-17 14:48:33
1467722,거리에서,363115,5,5330,2,행복해요,2021-06-08 12:07:54
1500179,Timeless,466884,130,5711,2,편안해요,2022-03-17 14:48:33
1500188,살다가,466884,132,5711,2,편안해요,2022-03-17 14:48:33
1500196,내사람,466884,131,5711,2,편안해요,2022-03-17 14:48:33
1521180,잔소리,466884,118,5711,2,편안해요,2022-03-17 14:48:33
1521181,내 사람입니다,466884,119,5711,2,편안해요,2022-03-17 14:48:33
1563237,미인 (美人),466884,48,5711,2,편안해요,2022-03-17 14:48:33
1566280,Irony (Tae Kwon-Daybreak Remix.),470388,18,5766,12,신남,2022-03-31 14:31:33
1589083,난치병,466884,56,5711,2,편안해요,2022-03-17 14:48:33
1590175,잔향,467710,8,5711,2,편안해요,2022-03-17 14:48:33
1604269,게임,455284,4,5711,2,편안해요,2022-03-17 14:48:33
1620573,크라잉 게임,455284,13,5711,2,편안해요,2022-03-17 14:48:33
1629474,미안한 마음 ~tears~ (Inst.),470388,10,5766,12,신남,2022-03-31 14:31:33
1650152,Cry Eye,467316,16,5766,12,신남,2022-03-31 14:31:33
1668392,"랄랄라, It's Love!",489034,11,5322,2,화나요,2021-06-08 12:07:54
1679278,내가 너의 곁에 잠시 살았다는걸,455052,9,5711,2,편안해요,2022-03-17 14:48:33
1683050,다시 만난 세계 (Into The New World),456828,17,5330,2,행복해요,2021-06-08 12:07:54
1733353,Good Bye,470388,6,5766,12,신남,2022-03-31 14:31:33
1743046,Blue Bridge에서,456030,19,5759,12,슬픔,2022-03-31 14:31:33
1763404,착한 거짓말,466884,6,5711,2,편안해요,2022-03-17 14:48:33
1771027,투명인간 (Vocal 루시드폴),455052,10,5711,2,편안해요,2022-03-17 14:48:33
1773263,그녀를 찾아주세요,466884,47,5711,2,편안해요,2022-03-17 14:48:33
1778593,"손에 손잡고 (Feat. 옥주현, SG워너비)",456375,10,5759,12,슬픔,2022-03-31 14:31:33
1797705,출발,364679,10,5330,2,행복해요,2021-06-08 12:07:54
1809308,"사랑해 (맥심 아이스커피믹스 - 텔레파시 '조인성, 이나영'편)",466884,135,5711,2,편안해요,2022-03-17 14:48:33
1846941,바보에게... 바보가,466884,122,5711,2,편안해요,2022-03-17 14:48:33
1849824,넌 감동이었어,466884,14,5711,2,편안해요,2022-03-17 14:48:33
1854856,라라라,466884,133,5711,2,편안해요,2022-03-17 14:48:33
1861639,화분 (알렉스 Ver.) (우리결혼했어요 삽입곡),466884,155,5711,2,편안해요,2022-03-17 14:48:33
1869770,When She Loved Me,364679,8,5330,2,행복해요,2021-06-08 12:07:54
1870571,여행을 떠나요,364679,11,5330,2,행복해요,2021-06-08 12:07:54
1874397,So Hot,470388,19,5766,12,신남,2022-03-31 14:31:33
1882347,못된여자 (Feat. 서인영),466884,53,5711,2,편안해요,2022-03-17 14:48:33
1890405,가지마 가지마,466884,163,5711,2,편안해요,2022-03-17 14:48:33
1904814,멀리서,456198,14,5759,12,슬픔,2022-03-31 14:31:33
1935298,Baby Baby,466884,83,5711,2,편안해요,2022-03-17 14:48:33
1941619,어제보다 오늘 더,466884,164,5711,2,편안해요,2022-03-17 14:48:33
2040667,가버려 너,455995,9,5759,12,슬픔,2022-03-31 14:31:33
2043348,그런 사람 또 없습니다,467710,3,5711,2,편안해요,2022-03-17 14:48:33
2070560,듣고있나요,456030,6,5759,12,슬픔,2022-03-31 14:31:33
2092086,갈바람,456030,5,5759,12,슬픔,2022-03-31 14:31:33
2126448,마음이 다쳐서 (Feat. Crown J),456198,13,5759,12,슬픔,2022-03-31 14:31:33
2203097,소원을 말해봐 (Genie),456828,19,5711,2,편안해요,2022-03-17 14:48:33
2223049,Supermagic,464556,10,5766,12,신남,2022-03-31 14:31:33
2258761,Heartbreaker,159735,9,5322,2,화나요,2021-06-08 12:07:54
2266516,녹화된 테잎을 감듯이,456030,9,5759,12,슬픔,2022-03-31 14:31:33
2266940,사랑이 뭐길래,456198,18,5759,12,슬픔,2022-03-31 14:31:33
2276194,사랑비,466884,49,5711,2,편안해요,2022-03-17 14:48:33
2293482,우리 헤어지자,466884,7,5711,2,편안해요,2022-03-17 14:48:33
2335459,사랑 참...,456107,3,5759,12,슬픔,2022-03-31 14:31:33
2343513,다시 사랑 할 수 있을까 (Feat. 다비치),466884,84,5711,2,편안해요,2022-03-17 14:48:33
2387017,7년간의 사랑 (규현),466884,144,5711,2,편안해요,2022-03-17 14:48:33
2544949,못해 (Feat. 美),466884,85,5711,2,편안해요,2022-03-17 14:48:33
2544954,My Angel (Feat. 윤후) (MBC '아빠! 어디가?' 윤후 자장가 삽입곡),466884,82,5711,2,편안해요,2022-03-17 14:48:33
2554001,Oh!,456828,20,5330,2,행복해요,2021-06-08 12:07:54
2600148,사랑의 펀치,456055,15,5330,2,행복해요,2021-06-08 12:07:54
2600154,사랑의 펀치 (MR),456055,19,5330,2,행복해요,2021-06-08 12:07:54
2612452,보낸다..,456198,4,5759,12,슬픔,2022-03-31 14:31:33
2623556,봄,456375,20,5759,12,슬픔,2022-03-31 14:31:33
2654264,그대를 사랑하는 10가지 이유,466884,117,5711,2,편안해요,2022-03-17 14:48:33
2680562,미친거니,466884,98,5711,2,편안해요,2022-03-17 14:48:33
2682148,별이될께,466884,112,5711,2,편안해요,2022-03-17 14:48:33
2689348,울어도 울어도,455995,16,5759,12,슬픔,2022-03-31 14:31:33
2751174,이별드립,456206,18,5766,12,신남,2022-03-31 14:31:33
2796770,시간아 부탁할게 (Feat. 씨야 연지),455995,3,5759,12,슬픔,2022-03-31 14:31:33
2930967,Can't Nobody,467316,18,5766,12,신남,2022-03-31 14:31:33
2939095,널 생각해,466884,124,5711,2,편안해요,2022-03-17 14:48:33
2949404,이 거지같은 말 (With 정엽 Of 브라운 아이드 소울),487508,14,5322,2,화나요,2021-06-08 12:07:54
2952363,Too Late (Part.1),467316,1,5766,12,신남,2022-03-31 14:31:33
2986502,Sushi,489238,4,5322,2,화나요,2021-06-08 12:07:54
2995687,잘해줘봐야,470388,20,5766,12,신남,2022-03-31 14:31:33
2998368,혼자왔어요,466884,123,5711,2,편안해요,2022-03-17 14:48:33
3028180,니가 돌아오면,456333,14,5759,12,슬픔,2022-03-31 14:31:33
3051244,좋은 날,456828,21,5711,2,편안해요,2022-03-17 14:48:33
3051817,그대와 같아,456334,16,5759,12,슬픔,2022-03-31 14:31:33
3053254,느리게 하는 일,456657,17,5762,12,불안,2022-03-31 14:31:33
3053259,미리 메리 크리스마스 (Feat. 천둥 Of MBLAQ),456828,22,5330,2,행복해요,2021-06-08 12:07:54
3065257,어쩌란 말이냐?,464556,11,5766,12,신남,2022-03-31 14:31:33
3089448,샤이보이,456206,3,5766,12,신남,2022-03-31 14:31:33
3092648,오늘같은 밤이면,466884,11,5711,2,편안해요,2022-03-17 14:48:33
3118478,사랑의 인사,456198,2,5759,12,슬픔,2022-03-31 14:31:33
3128548,달라,456107,15,5759,12,슬픔,2022-03-31 14:31:33
3136472,사랑은 은하수 다방에서,466884,68,5711,2,편안해요,2022-03-17 14:48:33
3137049,Just The Way You Are,461177,16,5330,2,행복해요,2021-06-08 12:07:54
3142754,"I See the Light (From ""Tangled"" / Soundtrack Version)",456422,14,5711,2,편안해요,2022-03-17 14:48:33
3170749,Officially Missing You,463855,25,5330,2,행복해요,2021-06-08 12:07:54
3338156,가을이 오면,455995,18,5759,12,슬픔,2022-03-31 14:31:33
3371650,Beautiful Goodbye,456657,13,5762,12,불안,2022-03-31 14:31:33
3371656,Lollipop (Feat. SHINee),456206,15,5766,12,신남,2022-03-31 14:31:33
3381953,눈물이 난다,456401,20,5759,12,슬픔,2022-03-31 14:31:33
3395298,Shine A Light (Feat. Awa & Oldwun),468779,9,5766,12,신남,2022-03-31 14:31:33
3405362,눈물이 넘쳐서,456107,4,5759,12,슬픔,2022-03-31 14:31:33
3440460,라차타 (LA chA TA),467316,9,5766,12,신남,2022-03-31 14:31:33
3492660,원더보이 (Wonder Boy),456206,16,5766,12,신남,2022-03-31 14:31:33
3507161,바래... (Only Misty),456198,6,5759,12,슬픔,2022-03-31 14:31:33
3507180,아파,488903,8,5322,2,화나요,2021-06-08 12:07:54
3522840,약한 남자 싫어,456333,7,5759,12,슬픔,2022-03-31 14:31:33
3524529,U R The Only One,468779,13,5766,12,신남,2022-03-31 14:31:33
3525689,Honey Honey,467316,7,5766,12,신남,2022-03-31 14:31:33
3550136,난 좋아,456401,8,5759,12,슬픔,2022-03-31 14:31:33
3558975,파라다이스 (Paradise),470388,15,5766,12,신남,2022-03-31 14:31:33
3570628,내 사람들,456334,15,5759,12,슬픔,2022-03-31 14:31:33
3576488,미인,466884,156,5711,2,편안해요,2022-03-17 14:48:33
3577062,Neverland,456375,11,5759,12,슬픔,2022-03-31 14:31:33
3585793,그리워 그리워,466884,107,5711,2,편안해요,2022-03-17 14:48:33
3585967,아이돌이 헤어지는 방법 (Sung By 희철),467316,15,5766,12,신남,2022-03-31 14:31:33
3600226,Sweet Dreams,470388,4,5766,12,신남,2022-03-31 14:31:33
3600227,Stop!,470388,11,5766,12,신남,2022-03-31 14:31:33
3600232,Be My Baby (Ra.D Mix),467316,10,5766,12,신남,2022-03-31 14:31:33
3620493,안아줘,454777,12,5330,2,행복해요,2021-06-08 12:07:54
3625504,너랑 나,456828,23,5330,2,행복해요,2021-06-08 12:07:54
3628521,4AM,456715,9,5330,2,행복해요,2021-06-08 12:07:54
3666253,니가 뭘 알아 (Feat. 버벌진트),487508,15,5322,2,화나요,2021-06-08 12:07:54
3666254,마녀가 된 이유,487508,17,5322,2,화나요,2021-06-08 12:07:54
3666258,마녀가 된 이유 (Inst.),487508,16,5322,2,화나요,2021-06-08 12:07:54
3674655,The DJ Is Mine,467316,17,5766,12,신남,2022-03-31 14:31:33
3675639,Only You (Original Ver.),456402,5,5759,12,슬픔,2022-03-31 14:31:33
3683364,나를 견디지 못하는 이유,456402,2,5759,12,슬픔,2022-03-31 14:31:33
3683390,달은 나 (상환 Solo),456402,10,5759,12,슬픔,2022-03-31 14:31:33
3684758,애인... 있어요 (이은미),456402,13,5759,12,슬픔,2022-03-31 14:31:33
3685690,WARRIOR,159619,6,5322,2,화나요,2021-06-08 12:07:54
3726617,자니 (Feat. Dynamic Duo),154837,19,5322,2,화나요,2021-06-08 12:07:54
3728135,JOMA JOMA,455966,6,5762,12,불안,2022-03-31 14:31:33
3733041,예쁜그대 (Feat. JK & Emenes),456657,10,5762,12,불안,2022-03-31 14:31:33
3765075,너의 세상으로 (Angel),467316,19,5766,12,신남,2022-03-31 14:31:33
3765855,Aloha,363115,7,5330,2,행복해요,2021-06-08 12:07:54
3768715,Lead Me,456030,15,5759,12,슬픔,2022-03-31 14:31:33
3772006,Love Love Echo Song,456715,12,5330,2,행복해요,2021-06-08 12:07:54
3778035,어쩌라고,456402,20,5759,12,슬픔,2022-03-31 14:31:33
3786994,OMG (Oh My God),470388,8,5766,12,신남,2022-03-31 14:31:33
3790089,"잘 지내자, 안녕",456198,1,5759,12,슬픔,2022-03-31 14:31:33
3793378,가질수 없는 너,466884,125,5711,2,편안해요,2022-03-17 14:48:33
3809837,비밀 (Insane),456206,11,5766,12,신남,2022-03-31 14:31:33
3814174,Day By Day 2012 (Feat. 버벌진트),456402,12,5759,12,슬픔,2022-03-31 14:31:33
3818841,한심포차 (Feat. 보니),154837,24,5322,2,화나요,2021-06-08 12:07:54
3820630,Supa Dupa Diva,467316,12,5766,12,신남,2022-03-31 14:31:33
3832076,굿모닝 (feat. 권정열 Of 10cm),466884,55,5711,2,편안해요,2022-03-17 14:48:33
3849003,넝쿨송,467316,13,5766,12,신남,2022-03-31 14:31:33
3857212,NO MERCY,154837,6,5322,2,화나요,2021-06-08 12:07:54
3864961,가수가 된 이유,466884,90,5711,2,편안해요,2022-03-17 14:48:33
3864964,고백 (Feat. 원피스),466884,89,5711,2,편안해요,2022-03-17 14:48:33
3881223,넝쿨송,467316,5,5766,12,신남,2022-03-31 14:31:33
3886194,In Your Eyes,456401,2,5759,12,슬픔,2022-03-31 14:31:33
3889710,Vista,455966,2,5762,12,불안,2022-03-31 14:31:33
3894730,그XX,463855,13,5330,2,행복해요,2021-06-08 12:07:54
3904614,POISON,467316,8,5766,12,신남,2022-03-31 14:31:33
3906377,크레용 (Crayon),464556,20,5766,12,신남,2022-03-31 14:31:33
3910821,바람기억,455052,12,5711,2,편안해요,2022-03-17 14:48:33
3913048,How are you,456401,13,5759,12,슬픔,2022-03-31 14:31:33
3924526,Rhythm HA!!!,456206,20,5766,12,신남,2022-03-31 14:31:33
3938453,"너에게 하고 싶은 말 (Feat. 개리, 하하)",466884,165,5711,2,편안해요,2022-03-17 14:48:33
3947371,"? (물음표) (Feat. 최자 Of 다이나믹듀오, Zion.T)",154837,10,5322,2,화나요,2021-06-08 12:07:54
3948896,"Happy Ending (Feat. 진실 Of 매드소울차일드, 개리 Of 리쌍)",159619,1,5322,2,화나요,2021-06-08 12:07:54
3948905,"LOVE (Feat. Bumkey, Paloalto)",159619,2,5322,2,화나요,2021-06-08 12:07:54
3948918,"축하해 (Feat. 다이나믹듀오, 박재범)",456141,19,5762,12,불안,2022-03-31 14:31:33
3949994,남자가 다 그렇지 뭐,466884,166,5711,2,편안해요,2022-03-17 14:48:33
3953191,TIME FOR LOVE (Intro),456402,11,5759,12,슬픔,2022-03-31 14:31:33
3953200,빛 (나성호 Solo),456107,11,5759,12,슬픔,2022-03-31 14:31:33
3953202,여인,456402,4,5759,12,슬픔,2022-03-31 14:31:33
3961024,난 아직 모르잖아요,456657,16,5762,12,불안,2022-03-31 14:31:33
3979687,다른꼴 (Feat. Crucial Star),464556,1,5766,12,신남,2022-03-31 14:31:33
3983714,Titanium (Feat. Sia),461177,20,5330,2,행복해요,2021-06-08 12:07:54
3983715,Turn Me On (Feat. Nicki Minaj),461177,19,5330,2,행복해요,2021-06-08 12:07:54
3986186,반창꼬,456402,3,5759,12,슬픔,2022-03-31 14:31:33
3998905,I Like That,159735,20,5322,2,화나요,2021-06-08 12:07:54
4004361,시작이 좋아 (Feat. 강민희 Of 미스에스),455319,7,5711,2,편안해요,2022-03-17 14:48:33
4009751,Special Girl (Feat. Bumkey),154837,7,5322,2,화나요,2021-06-08 12:07:54
4009752,니가 없을 때 (Feat. Zion.T),159619,15,5322,2,화나요,2021-06-08 12:07:54
4009753,못해 (Feat. 개코 Of Dynamic Duo),154837,15,5322,2,화나요,2021-06-08 12:07:54
4012610,빗소리,154837,25,5322,2,화나요,2021-06-08 12:07:54
4016085,신촌을 못가,466884,86,5711,2,편안해요,2022-03-17 14:48:33
4020013,듣는편지,466884,129,5711,2,편안해요,2022-03-17 14:48:33
4030160,그대란 이유만으로,456030,1,5759,12,슬픔,2022-03-31 14:31:33
4030174,ONE SHOT,159619,5,5322,2,화나요,2021-06-08 12:07:54
4030176,COMA,159735,21,5322,2,화나요,2021-06-08 12:07:54
4038859,어떤가요,466884,108,5711,2,편안해요,2022-03-17 14:48:33
4041405,꺼져,154837,18,5322,2,화나요,2021-06-08 12:07:54
4041408,옆에 (Feat. 보니),154837,26,5322,2,화나요,2021-06-08 12:07:54
4054987,White Day,467316,14,5766,12,신남,2022-03-31 14:31:33
4074419,어때 (Feat. 하림),455981,2,5762,12,불안,2022-03-31 14:31:33
4076648,굿바이 (With 소유 Of 씨스타),456440,11,5759,12,슬픔,2022-03-31 14:31:33
4104878,Wildest Moments (Acoustic),456422,12,5711,2,편안해요,2022-03-17 14:48:33
4105655,Yesterday,455966,12,5762,12,불안,2022-03-31 14:31:33
4124150,밥은 제때 먹는지,456375,8,5759,12,슬픔,2022-03-31 14:31:33
4126853,전화해 집에 (Party Rock),455966,9,5762,12,불안,2022-03-31 14:31:33
4138606,Give It To Me,470388,14,5766,12,신남,2022-03-31 14:31:33
4140195,좋아요,159619,4,5322,2,화나요,2021-06-08 12:07:54
4142913,My Love,467710,4,5711,2,편안해요,2022-03-17 14:48:33
4149792,빨간약,456657,20,5762,12,불안,2022-03-31 14:31:33
4152253,여자 대통령,467316,4,5766,12,신남,2022-03-31 14:31:33
4152254,기대해,467316,2,5766,12,신남,2022-03-31 14:31:33
4152260,반짝반짝,470388,12,5766,12,신남,2022-03-31 14:31:33
4163116,NoNoNo,456828,25,5711,2,편안해요,2022-03-17 14:48:33
4168680,미친게 아니라구요 (Feat. MC 스나이퍼),456375,16,5759,12,슬픔,2022-03-31 14:31:33
4171465,이런 법이 어딨어,456402,17,5759,12,슬픔,2022-03-31 14:31:33
4171466,열애설,456402,15,5759,12,슬픔,2022-03-31 14:31:33
4191056,너에겐 들리지 않는 그 말,467710,1,5711,2,편안해요,2022-03-17 14:48:33
4195236,Luv is (Feat. 배치기),456402,6,5759,12,슬픔,2022-03-31 14:31:33
4196651,Badman,154837,3,5322,2,화나요,2021-06-08 12:07:54
4226207,쿠데타 (COUP D'ETAT) (Feat. Diplo & Baauer),159735,14,5322,2,화나요,2021-06-08 12:07:54
4226208,늴리리야 (Niliria) (Feat. Missy Elliott) (Missy Elliott Ver.),464556,12,5766,12,신남,2022-03-31 14:31:33
4226209,R.O.D. (Feat. Lydia Paek),159735,15,5322,2,화나요,2021-06-08 12:07:54
4226210,Black (Feat. 제니 of BLACKPINK),463855,16,5330,2,행복해요,2021-06-08 12:07:54
4226211,니가 뭔데 (Who You?),464556,16,5766,12,신남,2022-03-31 14:31:33
4232213,Runaway,464556,14,5766,12,신남,2022-03-31 14:31:33
4239692,Coffee,464453,20,5766,12,신남,2022-03-31 14:31:33
4241096,Marry Me,456422,4,5711,2,편안해요,2022-03-17 14:48:33
4244940,Higher (Feat. 이루마),456657,11,5762,12,불안,2022-03-31 14:31:33
4259859,날씨가 추워지면,456402,16,5759,12,슬픔,2022-03-31 14:31:33
4277846,Let's Go,467316,20,5766,12,신남,2022-03-31 14:31:33
4280859,사랑열차 (Feat. 버벌진트),456375,19,5759,12,슬픔,2022-03-31 14:31:33
4284047,천일의 밤,456402,14,5759,12,슬픔,2022-03-31 14:31:33
4299167,러브 펀치,456055,16,5322,2,화나요,2021-06-08 12:07:54
4308010,Hush,467316,11,5766,12,신남,2022-03-31 14:31:33
4308012,Spotlight,455966,11,5762,12,불안,2022-03-31 14:31:33
4333791,코끝에 겨울,456107,8,5759,12,슬픔,2022-03-31 14:31:33
4338678,Why Goodbye,456206,6,5766,12,신남,2022-03-31 14:31:33
4364332,향수,456402,8,5759,12,슬픔,2022-03-31 14:31:33
4369830,누구나 비밀은 있다 (Feat. 가인 Of Brown Eyed Girls),489034,3,5322,2,화나요,2021-06-08 12:07:54
4369862,너에게 간다,456030,4,5759,12,슬픔,2022-03-31 14:31:33
4378211,가질 수 없는 너,456198,5,5759,12,슬픔,2022-03-31 14:31:33
4380203,고무신 거꾸로 신지마,466884,88,5711,2,편안해요,2022-03-17 14:48:33
4397971,"MR.GAE (Feat. Juvie Train, 계범주)",467742,20,5766,12,신남,2022-03-31 14:31:33
4404411,특별해,464556,2,5766,12,신남,2022-03-31 14:31:33
4407285,커피 한 잔 할래요,466884,57,5711,2,편안해요,2022-03-17 14:48:33
4412090,도미노 게임,455284,14,5711,2,편안해요,2022-03-17 14:48:33
4418464,도미노 게임 (Inst.),455284,16,5711,2,편안해요,2022-03-17 14:48:33
4420980,지난 날,456030,10,5759,12,슬픔,2022-03-31 14:31:33
4446451,어디에서 왔는지,159735,8,5322,2,화나요,2021-06-08 12:07:54
4475939,너의 모든 순간 (Original),456401,18,5759,12,슬픔,2022-03-31 14:31:33
4543502,야생화,455052,15,5711,2,편안해요,2022-03-17 14:48:33
4609474,매일 이별,488903,2,5322,2,화나요,2021-06-08 12:07:54
4643439,봄 타나봐 (BOMTANABA),455995,8,5759,12,슬픔,2022-03-31 14:31:33
4643464,Miss Right,154837,27,5322,2,화나요,2021-06-08 12:07:54
4643467,상남자 (Boy In Luv),468779,16,5766,12,신남,2022-03-31 14:31:33
4643469,어디에서 왔는지,464556,15,5766,12,신남,2022-03-31 14:31:33
4643471,Tomorrow,466118,9,5766,12,신남,2022-03-31 14:31:33
4663032,해독제,456333,9,5759,12,슬픔,2022-03-31 14:31:33
4684831,난 앞으로만,464556,13,5766,12,신남,2022-03-31 14:31:33
4705580,걸어 간다,456107,13,5759,12,슬픔,2022-03-31 14:31:33
4711122,"담 (談,膽)",159619,8,5322,2,화나요,2021-06-08 12:07:54
4729598,노래 불러줘요 (Feat. 아이유),455995,14,5759,12,슬픔,2022-03-31 14:31:33
4734486,Darling,456828,24,5711,2,편안해요,2022-03-17 14:48:33
4743571,A Step You Can’t Take Back,488851,7,5322,2,화나요,2021-06-08 12:07:54
4756304,Touch My Body,456828,26,5711,2,편안해요,2022-03-17 14:48:33
4796658,KISS KISS,455966,1,5762,12,불안,2022-03-31 14:31:33
4800324,100 (Feat. 천재노창),456133,9,5762,12,불안,2022-03-31 14:31:33
4821172,주홍빛 거리,455052,4,5711,2,편안해요,2022-03-17 14:48:33
4821177,사랑에 어떤 말로도(사말로도),455052,3,5711,2,편안해요,2022-03-17 14:48:33
4824735,힙합성애자,466118,20,5766,12,신남,2022-03-31 14:31:33
4824741,이불킥,464556,9,5766,12,신남,2022-03-31 14:31:33
4833735,"안녕,우주",488903,12,5322,2,화나요,2021-06-08 12:07:54
5389471,칼퇴근,487508,9,5322,2,화나요,2021-06-08 12:07:54
5398990,이 소설의 끝을 다시 써보려 해,466884,28,5711,2,편안해요,2022-03-17 14:48:33
5415175,"화장 지웠어 (Feat. Zion.T, HA:TFELT) (No Make Up)",456133,18,5762,12,불안,2022-03-31 14:31:33
5426701,춤을 춘다 (Midnight Blues),470388,3,5766,12,신남,2022-03-31 14:31:33
5428230,하고 싶은 거 다 (Without You),456198,11,5759,12,슬픔,2022-03-31 14:31:33
5439379,베개,464453,13,5766,12,신남,2022-03-31 14:31:33
5439395,언제쯤이면 (Duet.아이유),470312,9,5711,2,편안해요,2022-03-17 14:48:33
5444352,First Flight Home,472220,11,5766,12,신남,2022-03-31 14:31:33
5449581,Tough Cookie (Feat. Don Mills),464556,19,5766,12,신남,2022-03-31 14:31:33
5451487,러브스토리 (Original Ver.),456333,13,5759,12,슬픔,2022-03-31 14:31:33
5499420,Be My Friend (Feat. 김태현),468779,4,5766,12,신남,2022-03-31 14:31:33
5503059,상남자의 고백 (Feat. 볼빨간 사춘기),456055,10,5322,2,화나요,2021-06-08 12:07:54
5515283,울면 안 돼,466884,51,5711,2,편안해요,2022-03-17 14:48:33
5524037,Starry Night (With Soul Summit),456440,13,5759,12,슬픔,2022-03-31 14:31:33
5536206,목소리,456657,18,5762,12,불안,2022-03-31 14:31:33
5546489,유리구슬 (Glass Bead),455319,4,5711,2,편안해요,2022-03-17 14:48:33
5551593,내 눈물 모아,466884,158,5711,2,편안해요,2022-03-17 14:48:33
5562520,예뻐,159619,17,5322,2,화나요,2021-06-08 12:07:54
5562521,어디 안 가 (Feat. 양다일),159735,2,5322,2,화나요,2021-06-08 12:07:54
5597131,상남자의 고백 (Feat. 볼빨간 사춘기),456055,11,5322,2,화나요,2021-06-08 12:07:54
5605860,오빠야,456828,28,5330,2,행복해요,2021-06-08 12:07:54
5611959,이런슬픔 (Vocal By 소수빈),456375,18,5759,12,슬픔,2022-03-31 14:31:33
5612284,안녕 (Hi~),455319,8,5711,2,편안해요,2022-03-17 14:48:33
5616999,슈퍼스타 (Prod. by D.O),467742,13,5766,12,신남,2022-03-31 14:31:33
5622521,잔상 (Guitar Ver.),456757,12,5762,12,불안,2022-03-31 14:31:33
5627508,OUTRO,466118,12,5766,12,신남,2022-03-31 14:31:33
5629148,Ice Cream Cake,456715,3,5330,2,행복해요,2021-06-08 12:07:54
5634219,Puss (Prod.by 라이머),455319,5,5711,2,편안해요,2022-03-17 14:48:33
5640438,그대는 가고 없어도,456757,7,5762,12,불안,2022-03-31 14:31:33
5650841,가족,466884,157,5711,2,편안해요,2022-03-17 14:48:33
5674600,American You,456109,10,5762,12,불안,2022-03-31 14:31:33
5678791,눈먼 자들의 도시 (Feat. 넉살),456427,11,5762,12,불안,2022-03-31 14:31:33
5681153,I NEED U,456828,29,5711,2,편안해요,2022-03-17 14:48:33
5681157,흥탄소년단,466118,14,5766,12,신남,2022-03-31 14:31:33
5681158,Converse High,159619,7,5322,2,화나요,2021-06-08 12:07:54
5684700,우리 사랑인가요,456107,5,5759,12,슬픔,2022-03-31 14:31:33
5692855,어느 봄날에,456440,12,5759,12,슬픔,2022-03-31 14:31:33
5694906,퇴근시간,487508,3,5322,2,화나요,2021-06-08 12:07:54
5709750,사랑의 시작은 고백에서부터,466884,105,5711,2,편안해요,2022-03-17 14:48:33
5726395,Momma,460784,9,5766,12,신남,2022-03-31 14:31:33
5738546,우리집,456828,30,5330,2,행복해요,2021-06-08 12:07:54
5743804,음오아예 (Um Oh Ah Yeh),456828,31,5330,2,행복해요,2021-06-08 12:07:54
5743982,Roses (Feat. ROZES),461177,5,5330,2,행복해요,2021-06-08 12:07:54
5744594,한강고수부지,456757,5,5762,12,불안,2022-03-31 14:31:33
5748411,Chocolate,454777,10,5330,2,행복해요,2021-06-08 12:07:54
5748499,SHAKE IT,456828,32,5330,2,행복해요,2021-06-08 12:07:54
5750494,Still On My Way (Feat. Zion.T),456133,6,5762,12,불안,2022-03-31 14:31:33
5753693,I See You,466884,94,5711,2,편안해요,2022-03-17 14:48:33
5765887,만약에 말야 (화생방실 클레오파트라) (Bonus Track),466884,110,5711,2,편안해요,2022-03-17 14:48:33
5767424,링마벨 (Ring My Bell),467316,3,5766,12,신남,2022-03-31 14:31:33
5768980,PARTY,456828,33,5711,2,편안해요,2022-03-17 14:48:33
5770483,I Got The Juice,460784,12,5766,12,신남,2022-03-31 14:31:33
5781346,Devil,456828,34,5711,2,편안해요,2022-03-17 14:48:33
5783671,Good Morning,159619,21,5322,2,화나요,2021-06-08 12:07:54
5791706,오늘부터 우리는 (Me Gustas Tu),456828,35,5330,2,행복해요,2021-06-08 12:07:54
5808813,선4,467742,2,5766,12,신남,2022-03-31 14:31:33
5826448,내가 할 수 있는 건 (Feat. 제시),456141,12,5762,12,불안,2022-03-31 14:31:33
5832394,The Anecdote,456133,5,5762,12,불안,2022-03-31 14:31:33
5835766,Okey Dokey,154837,23,5322,2,화나요,2021-06-08 12:07:54
5835896,싫대 (Feat. 범키),472220,10,5766,12,신남,2022-03-31 14:31:33
7846182,잠수교 (Sing the Road #02),456657,9,5762,12,불안,2022-03-31 14:31:33
7847861,Dumb Dumb,456715,4,5330,2,행복해요,2021-06-08 12:07:54
7847866,Lady's Room,455966,4,5762,12,불안,2022-03-31 14:31:33
7849675,표정관리,455966,13,5762,12,불안,2022-03-31 14:31:33
7856349,Piss On Your Grave (Feat. Kanye West),460784,2,5766,12,신남,2022-03-31 14:31:33
7859985,ALCOHOL FEELING (Feat. 정인),467742,6,5766,12,신남,2022-03-31 14:31:33
7860122,보통연애 (Feat. 박보람),159619,10,5322,2,화나요,2021-06-08 12:07:54
7861022,Purple Rain,455981,18,5762,12,불안,2022-03-31 14:31:33
7861355,Don't Cry,456757,2,5762,12,불안,2022-03-31 14:31:33
7861392,또 다시 사랑,466884,26,5711,2,편안해요,2022-03-17 14:48:33
7862758,Again,460784,20,5766,12,신남,2022-03-31 14:31:33
7870472,Ah-Choo,456828,36,5330,2,행복해요,2021-06-08 12:07:54
7877917,I (Feat. 버벌진트),456401,16,5759,12,슬픔,2022-03-31 14:31:33
7886213,피아노 숲 (Piano Forest),456657,5,5762,12,불안,2022-03-31 14:31:33
7891119,OOH-AHH하게,459133,19,5330,2,행복해요,2021-06-08 12:07:54
7893349,하얀 겨울,465077,1,5711,2,편안해요,2022-03-17 14:48:33
7893350,잊었니,465077,2,5711,2,편안해요,2022-03-17 14:48:33
7902245,너 하나만을 위해,465077,3,5711,2,편안해요,2022-03-17 14:48:33
7912749,아마도 그건,465077,5,5711,2,편안해요,2022-03-17 14:48:33
7925691,너를 처음 만난 그때,465077,6,5711,2,편안해요,2022-03-17 14:48:33
7925692,발걸음 (Live Ver.),465077,39,5711,2,편안해요,2022-03-17 14:48:33
7935504,사랑해 이 말 밖엔,465077,7,5711,2,편안해요,2022-03-17 14:48:33
7935505,응급실,465077,8,5711,2,편안해요,2022-03-17 14:48:33
7947400,어제처럼,465077,9,5711,2,편안해요,2022-03-17 14:48:33
7947401,사랑일뿐야,465077,10,5711,2,편안해요,2022-03-17 14:48:33
7948056,고칠게,466884,149,5711,2,편안해요,2022-03-17 14:48:33
7953790,SKIT : One night in a strange city,466118,15,5766,12,신남,2022-03-31 14:31:33
7953791,고엽,464556,18,5766,12,신남,2022-03-31 14:31:33
7953958,우주를 건너,463855,5,5330,2,행복해요,2021-06-08 12:07:54
7953959,As I am,463855,15,5330,2,행복해요,2021-06-08 12:07:54
7955881,Run Away,454777,16,5330,2,행복해요,2021-06-08 12:07:54
7958267,가질 수 없는 너,465077,11,5711,2,편안해요,2022-03-17 14:48:33
7958414,돈 벌지마 (Feat. 찬열 Of EXO),472220,5,5766,12,신남,2022-03-31 14:31:33
7963663,I Like the Way,455966,8,5762,12,불안,2022-03-31 14:31:33
7965451,Boys And Girls (Feat. Babylon),464556,8,5766,12,신남,2022-03-31 14:31:33
7968650,내 눈물 모아,465077,12,5711,2,편안해요,2022-03-17 14:48:33
7975427,인상파 (Feat. Dj Tiz),467742,18,5766,12,신남,2022-03-31 14:31:33
7978970,Heaven,465077,13,5711,2,편안해요,2022-03-17 14:48:33
7985945,그런 사람 (Man Ver.),456198,20,5759,12,슬픔,2022-03-31 14:31:33
7988729,야인,465077,14,5711,2,편안해요,2022-03-17 14:48:33
7997136,당돌한 여자,465077,15,5711,2,편안해요,2022-03-17 14:48:33
8003787,이미 슬픈 사랑,465077,16,5711,2,편안해요,2022-03-17 14:48:33
8013553,너에게 원한건,465077,17,5711,2,편안해요,2022-03-17 14:48:33
8013554,상상 속의 너,465077,18,5711,2,편안해요,2022-03-17 14:48:33
8022126,사랑인걸,465077,19,5711,2,편안해요,2022-03-17 14:48:33
8022127,나만의 슬픔,465077,20,5711,2,편안해요,2022-03-17 14:48:33
8026845,소녀,456334,12,5759,12,슬픔,2022-03-31 14:31:33
8028701,시간을 달려서 (Rough),456828,37,5711,2,편안해요,2022-03-17 14:48:33
8032290,사랑만들기,465077,21,5711,2,편안해요,2022-03-17 14:48:33
8032291,여름아 부탁해,465077,22,5711,2,편안해요,2022-03-17 14:48:33
8042168,이별이 오지 못하게,465077,23,5711,2,편안해요,2022-03-17 14:48:33
8042169,그댄 행복에 살텐데,488903,1,5322,2,화나요,2021-06-08 12:07:54
8046727,I Love You,465077,25,5711,2,편안해요,2022-03-17 14:48:33
8048711,"Try Everything (From ""Zootopia""/Soundtrack)",364679,1,5330,2,행복해요,2021-06-08 12:07:54
8060925,길,456334,17,5759,12,슬픔,2022-03-31 14:31:33
8064443,퇴근하겠습니다,487508,2,5322,2,화나요,2021-06-08 12:07:54
8067382,그 남자 그 여자 (Feat. Junggigo),456133,14,5762,12,불안,2022-03-31 14:31:33
8068880,우리끼리 (Words Don't Come Easy),463855,21,5330,2,행복해요,2021-06-08 12:07:54
8071102,이 사랑,456401,15,5759,12,슬픔,2022-03-31 14:31:33
8084478,Goyard,456141,10,5762,12,불안,2022-03-31 14:31:33
8086477,한 사람을 사랑했네,465077,26,5711,2,편안해요,2022-03-17 14:48:33
8091961,덕수궁 돌담길의 봄 (Feat. 10cm),456107,16,5759,12,슬픔,2022-03-31 14:31:33
8098198,나는 문제 없어,465077,27,5711,2,편안해요,2022-03-17 14:48:33
8098199,용서 못해 (Live Ver.),465077,38,5711,2,편안해요,2022-03-17 14:48:33
8104508,흔적 (Inst.),456030,16,5759,12,슬픔,2022-03-31 14:31:33
8107814,"넌 언제나 (Prod. By GRAY) (Feat. GRAY, Hoody)",465077,28,5711,2,편안해요,2022-03-17 14:48:33
8107815,나는 나 (Live Ver.),465077,40,5711,2,편안해요,2022-03-17 14:48:33
8115192,봄날의 기억,456375,14,5759,12,슬픔,2022-03-31 14:31:33
8118014,My Spring,468779,20,5766,12,신남,2022-03-31 14:31:33
8120269,Loveholic,456402,18,5759,12,슬픔,2022-03-31 14:31:33
8120665,One,472220,18,5766,12,신남,2022-03-31 14:31:33
8120667,Seize The Day,467742,11,5766,12,신남,2022-03-31 14:31:33
8122589,사랑하자,488903,9,5322,2,화나요,2021-06-08 12:07:54
8130796,상상더하기,364679,13,5330,2,행복해요,2021-06-08 12:07:54
8143111,돌아오지마 (Feat. 용준형 Of 비스트),467742,15,5766,12,신남,2022-03-31 14:31:33
8147688,슬피 우는 새 (Feat. 이수영),467742,8,5766,12,신남,2022-03-31 14:31:33
8151529,뭐를 잘못한 거니,465077,29,5711,2,편안해요,2022-03-17 14:48:33
8151530,나비무덤,465077,30,5711,2,편안해요,2022-03-17 14:48:33
8152676,How Can I Love You,488903,7,5322,2,화나요,2021-06-08 12:07:54
8155475,초콜릿,456055,12,5330,2,행복해요,2021-06-08 12:07:54
8155476,싸운날,456055,13,5330,2,행복해요,2021-06-08 12:07:54
8155477,반지,456055,14,5330,2,행복해요,2021-06-08 12:07:54
8158015,Destiny (나의 지구),456828,38,5330,2,행복해요,2021-06-08 12:07:54
8158016,퐁당,456206,14,5766,12,신남,2022-03-31 14:31:33
8158031,CHEER UP,459133,2,5330,2,행복해요,2021-06-08 12:07:54
8160703,너는 왜 (Prod. By 라이머) (Feat. DJ Juice),465077,4,5711,2,편안해요,2022-03-17 14:48:33
8167270,Audrey (Feat. Owen Ovadoz & KOHO),460784,5,5766,12,신남,2022-03-31 14:31:33
8167304,Ma City,455981,7,5762,12,불안,2022-03-31 14:31:33
8167317,RUN (Ballad Mix),159735,4,5322,2,화나요,2021-06-08 12:07:54
8169985,사랑하고 있다는 걸,465077,31,5711,2,편안해요,2022-03-17 14:48:33
8170718,널 향해 달리기,456757,13,5762,12,불안,2022-03-31 14:31:33
8171030,두 손,456657,19,5762,12,불안,2022-03-31 14:31:33
8172360,So When It Goes,489238,8,5322,2,화나요,2021-06-08 12:07:54
8174711,Intro,456333,12,5759,12,슬픔,2022-03-31 14:31:33
8174715,택시를 타고,456333,2,5759,12,슬픔,2022-03-31 14:31:33
8176091,섹시한 남자,465077,32,5711,2,편안해요,2022-03-17 14:48:33
8176092,눈물,465077,33,5711,2,편안해요,2022-03-17 14:48:33
8183398,"하루종일 (Feat. DJ SQ, 한요한)",464453,3,5766,12,신남,2022-03-31 14:31:33
8184472,자격지심 (Feat. 은하 Of 여자친구),159619,13,5322,2,화나요,2021-06-08 12:07:54
8184537,사랑은 언제나 목마르다,465077,34,5711,2,편안해요,2022-03-17 14:48:33
8186615,Don't Mind,472220,12,5766,12,신남,2022-03-31 14:31:33
8190803,1llusion,456133,19,5762,12,불안,2022-03-31 14:31:33
8193660,좋아 (She is),455966,7,5762,12,불안,2022-03-31 14:31:33
8195416,다시 사랑한다면,465077,35,5711,2,편안해요,2022-03-17 14:48:33
8203336,스르르,454777,8,5330,2,행복해요,2021-06-08 12:07:54
8203900,너였다면,466884,34,5711,2,편안해요,2022-03-17 14:48:33
8207036,SWEETY,465077,36,5711,2,편안해요,2022-03-17 14:48:33
8207037,뿌요뿌요,465077,37,5711,2,편안해요,2022-03-17 14:48:33
8215175,Play Ground,456757,16,5762,12,불안,2022-03-31 14:31:33
8215271,준비 없는 이별,465077,41,5711,2,편안해요,2022-03-17 14:48:33
8215457,알록달록 (Feat. 주헌) (h.ear your colors),466118,4,5766,12,신남,2022-03-31 14:31:33
8224585,"기다린 만큼, 더",489034,9,5322,2,화나요,2021-06-08 12:07:54
8226488,난 멈추지 않는다,465077,42,5711,2,편안해요,2022-03-17 14:48:33
8233340,어떻게 사랑이 그래요,456107,17,5759,12,슬픔,2022-03-31 14:31:33
8237868,여자이니까,465077,43,5711,2,편안해요,2022-03-17 14:48:33
8237869,Good Time,465077,44,5711,2,편안해요,2022-03-17 14:48:33
8244030,Why,456828,39,5330,2,행복해요,2021-06-08 12:07:54
8248801,몸만와 (Feat. Crush),154837,14,5322,2,화나요,2021-06-08 12:07:54
8248802,DOLLAR (달라) (Feat. 가인),159619,16,5322,2,화나요,2021-06-08 12:07:54
8249142,이사 (Feat. 매드컬러),464453,8,5766,12,신남,2022-03-31 14:31:33
8250334,Shut Up (Feat. 유희열),455319,14,5711,2,편안해요,2022-03-17 14:48:33
8252569,사랑은 늘 도망가 (로맨틱 흑기사),466884,141,5711,2,편안해요,2022-03-17 14:48:33
8256178,선물,465077,45,5711,2,편안해요,2022-03-17 14:48:33
8262125,너 그리고 나 (NAVILLERA),456828,40,5711,2,편안해요,2022-03-17 14:48:33
8269012,편하게 들어 (Feat. 강태우),456333,5,5759,12,슬픔,2022-03-31 14:31:33
8271313,MM,159619,22,5322,2,화나요,2021-06-08 12:07:54
8271355,"And July (Feat. DEAN, DJ Friz)",455981,20,5762,12,불안,2022-03-31 14:31:33
8271368,Skit: Rainy Day,472220,2,5766,12,신남,2022-03-31 14:31:33
8271369,돌아오지마 (Acoustic Ver.),472220,7,5766,12,신남,2022-03-31 14:31:33
8276709,아름다워,463855,2,5330,2,행복해요,2021-06-08 12:07:54
8277502,Don't Mind (Feat. Pitbull & Lil Wayne) (Remix),472220,4,5766,12,신남,2022-03-31 14:31:33
8297995,Fireworks (Feat. Bignose),468779,15,5766,12,신남,2022-03-31 14:31:33
8550910,All My Days,489238,3,5322,2,화나요,2021-06-08 12:07:54
9110340,I Love Sex With My Ex (Original Mix),467742,9,5766,12,신남,2022-03-31 14:31:33
9603139,Weathermen,466118,3,5766,12,신남,2022-03-31 14:31:33
9603276,Divin',456427,4,5762,12,불안,2022-03-31 14:31:33
9606570,Falling,456107,19,5759,12,슬픔,2022-03-31 14:31:33
9614761,그대라는 사치,466884,29,5711,2,편안해요,2022-03-17 14:48:33
9616627,UFO 타고 왔니?,456757,9,5762,12,불안,2022-03-31 14:31:33
9620469,우주를 줄게,456828,41,5330,2,행복해요,2021-06-08 12:07:54
9620471,You(=I),456828,42,5711,2,편안해요,2022-03-17 14:48:33
9621222,그대와 나,455995,17,5759,12,슬픔,2022-03-31 14:31:33
9628388,Beautiful Life II (Feat. Hash Swan),472220,3,5766,12,신남,2022-03-31 14:31:33
9631530,내가 저지른 사랑,456334,5,5759,12,슬픔,2022-03-31 14:31:33
9632607,예뻐졌더라,466884,87,5711,2,편안해요,2022-03-17 14:48:33
9634954,러시안 룰렛 (Russian Roulette),459133,26,5330,2,행복해요,2021-06-08 12:07:54
9634956,Bad Dracula,455319,15,5711,2,편안해요,2022-03-17 14:48:33
9637651,On My Way (Feat. GRAY & BewhY),472220,17,5766,12,신남,2022-03-31 14:31:33
9638052,좋을땐,456198,3,5759,12,슬픔,2022-03-31 14:31:33
9642570,넋두리,466884,168,5711,2,편안해요,2022-03-17 14:48:33
9646319,사랑을 찾는 방법,456401,6,5759,12,슬픔,2022-03-31 14:31:33
9646401,"다정하게, 안녕히",456333,8,5759,12,슬픔,2022-03-31 14:31:33
30006387,그리워 그리워서 (라온 Ver.),456401,4,5759,12,슬픔,2022-03-31 14:31:33
30017606,The Dreamer (I am A Dreamer),456402,9,5759,12,슬픔,2022-03-31 14:31:33
30024800,pale blue note (2016 Live Ver.),456657,12,5762,12,불안,2022-03-31 14:31:33
30029173,피 땀 눈물,159735,5,5322,2,화나요,2021-06-08 12:07:54
30035555,내 옆에 그대인 걸,456198,12,5759,12,슬픔,2022-03-31 14:31:33
30040810,너무너무너무,456828,43,5330,2,행복해요,2021-06-08 12:07:54
30069773,불장난,456828,44,5330,2,행복해요,2021-06-08 12:07:54
30076504,이별을 배웠어 (Always In My Heart),466884,161,5711,2,편안해요,2022-03-17 14:48:33
30077415,Setting Fires (Feat. XYLO),461177,6,5330,2,행복해요,2021-06-08 12:07:54
30087588,조용히 안녕 (Last Good-bye),455995,20,5759,12,슬픔,2022-03-31 14:31:33
30099927,노력,466884,153,5711,2,편안해요,2022-03-17 14:48:33
30103580,Chunky,461177,14,5330,2,행복해요,2021-06-08 12:07:54
30103596,Finesse,461177,15,5330,2,행복해요,2021-06-08 12:07:54
30104600,또 생각이 나서 (With 임창정),456198,7,5759,12,슬픔,2022-03-31 14:31:33
30105621,나비잠 (Sweet Dream),466884,100,5711,2,편안해요,2022-03-17 14:48:33
30118590,Up up and away (Prod By Shimmy Twice) (Inst.),466118,2,5766,12,신남,2022-03-31 14:31:33
30118731,이럴거면 헤어지지 말았어야지,466884,152,5711,2,편안해요,2022-03-17 14:48:33
30135545,겨울새,456440,18,5759,12,슬픔,2022-03-31 14:31:33
30150625,나는 너를 신경 안 써 (Feat. The Quiett),455981,13,5762,12,불안,2022-03-31 14:31:33
30157753,Beautiful,456334,13,5759,12,슬픔,2022-03-31 14:31:33
30169608,이쁘다니까,466884,126,5711,2,편안해요,2022-03-17 14:48:33
30179098,촛불 하나 (뜨거운 심장 양철로봇),466884,91,5711,2,편안해요,2022-03-17 14:48:33
30181278,오랜 날 오랜 밤,467710,15,5711,2,편안해요,2022-03-17 14:48:33
30181282,집에 돌아오는 길,456334,19,5759,12,슬픔,2022-03-31 14:31:33
30183397,시간아 멈춰라,456206,1,5766,12,신남,2022-03-31 14:31:33
30199165,"How Far I'll Go (From ""Moana""/Soundtrack Version)",364679,2,5330,2,행복해요,2021-06-08 12:07:54
30208070,소나기,456828,45,5330,2,행복해요,2021-06-08 12:07:54
30210366,늦잠 (With 켄 Of 빅스),456333,16,5759,12,슬픔,2022-03-31 14:31:33
30215217,안녕,456440,19,5759,12,슬픔,2022-03-31 14:31:33
30227059,마지막 사랑 (Last Love),456657,8,5762,12,불안,2022-03-31 14:31:33
30244919,Begin,456091,6,5762,12,불안,2022-03-31 14:31:33
30244922,First Love,468779,5,5766,12,신남,2022-03-31 14:31:33
30244923,Reflection,466118,19,5766,12,신남,2022-03-31 14:31:33
30245584,Herewego,464453,5,5766,12,신남,2022-03-31 14:31:33
30254786,반창고,466884,128,5711,2,편안해요,2022-03-17 14:48:33
30269305,Better,159735,19,5322,2,화나요,2021-06-08 12:07:54
30272285,언젠가 (SOMEDAY),463855,8,5330,2,행복해요,2021-06-08 12:07:54
30277401,"FIRE WATER (Feat. G.Soul, TABLO)",456109,6,5762,12,불안,2022-03-31 14:31:33
30287019,롤린 (Rollin'),493585,18,5322,2,화나요,2021-06-08 12:07:54
30304379,나무,456440,2,5759,12,슬픔,2022-03-31 14:31:33
30307111,"Beauty and the Beast (From ""Beauty and the Beast""/Soundtrack Version)",364679,3,5330,2,행복해요,2021-06-08 12:07:54
30307498,Song Of Songs,456757,6,5762,12,불안,2022-03-31 14:31:33
30313830,Calm Down,455981,17,5762,12,불안,2022-03-31 14:31:33
30313947,Running,456206,5,5766,12,신남,2022-03-31 14:31:33
30314784,밤편지,456055,6,5330,2,행복해요,2021-06-08 12:07:54
30318662,My Lite (Feat. A.C.T.),467742,7,5766,12,신남,2022-03-31 14:31:33
30324427,I'll Be Yours,456206,2,5766,12,신남,2022-03-31 14:31:33
30349593,사랑이 잘 (With 오혁),456055,7,5330,2,행복해요,2021-06-08 12:07:54
30351588,장미대선 (Feat. 이진아),154837,20,5322,2,화나요,2021-06-08 12:07:54
30378155,이 지금,456055,8,5330,2,행복해요,2021-06-08 12:07:54
30378163,그렇게 사랑은,456657,2,5762,12,불안,2022-03-31 14:31:33
30378164,이름에게,456375,3,5759,12,슬픔,2022-03-31 14:31:33
30384648,아침에 다시 얘기해 (Feat. Sik-K),472220,1,5766,12,신남,2022-03-31 14:31:33
30384649,My Jersey,472220,14,5766,12,신남,2022-03-31 14:31:33
30395059,카니발갱,456109,3,5762,12,불안,2022-03-31 14:31:33
30395441,5 Gawd,467742,4,5766,12,신남,2022-03-31 14:31:33
30403070,Dejavu,472220,20,5766,12,신남,2022-03-31 14:31:33
30403591,마지막 장면 (Feat. 이성경),456333,15,5759,12,슬픔,2022-03-31 14:31:33
30414361,예뻐서 그래,466884,140,5711,2,편안해요,2022-03-17 14:48:33
30428242,MY I,455966,10,5762,12,불안,2022-03-31 14:31:33
30428506,A.O.M.G.,464556,5,5766,12,신남,2022-03-31 14:31:33
30433123,BAPE,463855,1,5330,2,행복해요,2021-06-08 12:07:54
30436473,Mask Off (Feat. Kendrick Lamar) (Remix),460784,17,5766,12,신남,2022-03-31 14:31:33
30461396,"무제(無題) (Untitled, 2014)",463855,12,5330,2,행복해요,2021-06-08 12:07:54
30467550,매일 듣는 노래 (A Daily Song),456198,9,5759,12,슬픔,2022-03-31 14:31:33
30470038,Flex Like Ouu,460784,18,5766,12,신남,2022-03-31 14:31:33
30477859,찬바람이 불면,456401,19,5759,12,슬픔,2022-03-31 14:31:33
30486509,좋니,466884,160,5711,2,편안해요,2022-03-17 14:48:33
30488097,돌려놔 (Fly with the Wind),456440,16,5759,12,슬픔,2022-03-31 14:31:33
30490221,Teach Me (Feat. Henmi),460784,7,5766,12,신남,2022-03-31 14:31:33
30490583,Hennessy,159735,13,5322,2,화나요,2021-06-08 12:07:54
30492278,rainin' with u,472220,6,5766,12,신남,2022-03-31 14:31:33
30492280,저 별 (rain ver.),472220,15,5766,12,신남,2022-03-31 14:31:33
30503961,Sunrise (With 펀치),456055,17,5330,2,행복해요,2021-06-08 12:07:54
30512671,빨간 맛 (Red Flavor),459133,4,5330,2,행복해요,2021-06-08 12:07:54
30514366,선물,466008,3,5711,2,편안해요,2022-03-17 14:48:33
30516543,Moai,456440,1,5759,12,슬픔,2022-03-31 14:31:33
30519256,Z Z Z (Feat. MC그리),464556,3,5766,12,신남,2022-03-31 14:31:33
30533926,BEAUTY,467742,17,5766,12,신남,2022-03-31 14:31:33
30550388,all of my life,466884,151,5711,2,편안해요,2022-03-17 14:48:33
30552714,순간삭제 (켈로그 '초코크런치' CM송),159619,18,5322,2,화나요,2021-06-08 12:07:54
30557814,우쭈쭈,454777,17,5330,2,행복해요,2021-06-08 12:07:54
30562688,러브시티 (Love City),467316,6,5766,12,신남,2022-03-31 14:31:33
30566079,너에게 닿기를,456401,12,5759,12,슬픔,2022-03-31 14:31:33
30601119,"진자 (ZINZA) (Feat. YDG, 수란)",456109,1,5762,12,불안,2022-03-31 14:31:33
30603506,Know,159619,14,5322,2,화나요,2021-06-08 12:07:54
30613202,시차 (We Are) (Feat. 로꼬 & GRAY),456427,1,5762,12,불안,2022-03-31 14:31:33
30623790,City Gaze,464453,15,5766,12,신남,2022-03-31 14:31:33
30630743,여름비 (SUMMER RAIN) (Inst.),488851,6,5322,2,화나요,2021-06-08 12:07:54
30637982,DNA,364679,16,5330,2,행복해요,2021-06-08 12:07:54
30646584,비밀의 화원,493585,9,5322,2,화나요,2021-06-08 12:07:54
30672262,Friend Zone (Prod. Ranez),466118,1,5766,12,신남,2022-03-31 14:31:33
30677444,Futures,456715,15,5330,2,행복해요,2021-06-08 12:07:54
30677447,Who's Got You Singing Again,456715,13,5330,2,행복해요,2021-06-08 12:07:54
30689468,결혼,456715,10,5330,2,행복해요,2021-06-08 12:07:54
30692019,Tell Me,456401,3,5759,12,슬픔,2022-03-31 14:31:33
30696441,"Remember Me (Dúo) (From ""Coco""/Soundtrack Version) (Feat. Natalia Lafourcade)",364679,4,5330,2,행복해요,2021-06-08 12:07:54
30705432,어느새 우린,456440,10,5759,12,슬픔,2022-03-31 14:31:33
30706743,灰色と青 / Haiiroto Ao (잿빛과 푸름) (with Masaki Suda),466008,9,5711,2,편안해요,2022-03-17 14:48:33
30710651,Stargazing (Feat. Justin Jesso),461177,12,5330,2,행복해요,2021-06-08 12:07:54
30721801,My Way,455995,15,5759,12,슬픔,2022-03-31 14:31:33
30722736,너였고 너이고 너일 거라서,456107,2,5759,12,슬픔,2022-03-31 14:31:33
30725481,Nothing Without You (Intro.),456334,2,5759,12,슬픔,2022-03-31 14:31:33
30734166,듣고 싶은 말,456440,7,5759,12,슬픔,2022-03-31 14:31:33
30757880,퇴근,487508,7,5322,2,화나요,2021-06-08 12:07:54
30759542,문 (Prod. by ZICO),456141,20,5762,12,불안,2022-03-31 14:31:33
30770996,Cosmic Girl,456206,8,5766,12,신남,2022-03-31 14:31:33
30773554,Downtown Baby,154837,8,5322,2,화나요,2021-06-08 12:07:54
30773556,Hate Me,154837,5,5322,2,화나요,2021-06-08 12:07:54
30775070,그대 내 품에,454777,13,5330,2,행복해요,2021-06-08 12:07:54
30781649,Home Sweet Home,489034,16,5322,2,화나요,2021-06-08 12:07:54
30781692,"도박 (Life Is a Gamble) Remix (Feat. pH-1, Sik-K, Double K)",456091,9,5762,12,불안,2022-03-31 14:31:33
30784190,Christmas without You,456440,20,5759,12,슬픔,2022-03-31 14:31:33
30816860,뿜뿜,459133,20,5330,2,행복해요,2021-06-08 12:07:54
30829905,게임 하지마,455284,9,5330,2,행복해요,2021-06-08 12:07:54
30830607,ピースサイン / Peace Sign,466008,8,5711,2,편안해요,2022-03-17 14:48:33
30848283,문 (Prod. By ZICO),466118,8,5766,12,신남,2022-03-31 14:31:33
30849165,Nobody Else,460784,11,5766,12,신남,2022-03-31 14:31:33
30849733,You,466884,74,5711,2,편안해요,2022-03-17 14:48:33
30851709,너는 밤새도록,456107,14,5759,12,슬픔,2022-03-31 14:31:33
30859400,18,455981,11,5762,12,불안,2022-03-31 14:31:33
30859640,아픈 끝,456657,15,5762,12,불안,2022-03-31 14:31:33
30870109,그런 날 (Feat. 김호연 of 달 좋은 밤),470312,14,5711,2,편안해요,2022-03-17 14:48:33
30875930,Communicate (Feat. Hoody) (Prod. WOOGIE),466118,6,5766,12,신남,2022-03-31 14:31:33
30877002,눈사람,456334,1,5759,12,슬픔,2022-03-31 14:31:33
30877390,와도 돼,467742,5,5766,12,신남,2022-03-31 14:31:33
30878822,Introvert (Feat. Joji),460784,13,5766,12,신남,2022-03-31 14:31:33
30884950,그때 헤어지면 돼,466884,142,5711,2,편안해요,2022-03-17 14:48:33
30889530,첫사랑,465077,46,5711,2,편안해요,2022-03-17 14:48:33
30894902,Stranger Things (Alan Walker Remix) (Feat. OneRepublic),461177,2,5330,2,행복해요,2021-06-08 12:07:54
30930312,약속해요 (I.P.U.),455319,16,5711,2,편안해요,2022-03-17 14:48:33
30942948,잠이 오지 않아,456440,15,5759,12,슬픔,2022-03-31 14:31:33
30952294,Lemon,466008,7,5711,2,편안해요,2022-03-17 14:48:33
30972784,너를 품에 안으면,465077,47,5711,2,편안해요,2022-03-17 14:48:33
30980827,Your Dog Loves You (Feat. Crush),463855,31,5330,2,행복해요,2021-06-08 12:07:54
30981994,Holding On,468779,2,5766,12,신남,2022-03-31 14:31:33
30982350,Heaven,455052,13,5711,2,편안해요,2022-03-17 14:48:33
30985406,어른,456334,18,5759,12,슬픔,2022-03-31 14:31:33
30996711,Rover 2.0 (Feat. 21 Savage),460784,14,5766,12,신남,2022-03-31 14:31:33
30997126,Thrive,467742,16,5766,12,신남,2022-03-31 14:31:33
31004545,Night Vibe (Remake),456427,6,5762,12,불안,2022-03-31 14:31:33
31004550,Adios (Prod. BOYCOLD),456141,7,5762,12,불안,2022-03-31 14:31:33
31014897,Dear Moon,456757,8,5762,12,불안,2022-03-31 14:31:33
31017568,감기,465077,49,5711,2,편안해요,2022-03-17 14:48:33
31017818,감기,466884,92,5711,2,편안해요,2022-03-17 14:48:33
31019584,붕붕 (Feat. 식케이) (Prod. GroovyRoom),455981,15,5762,12,불안,2022-03-31 14:31:33
31025190,닮아,456030,18,5759,12,슬픔,2022-03-31 14:31:33
31034302,어떤가요,466884,35,5711,2,편안해요,2022-03-17 14:48:33
31037841,사랑니,456333,1,5759,12,슬픔,2022-03-31 14:31:33
31038909,좋아하나봐,488851,5,5322,2,화나요,2021-06-08 12:07:54
31046504,서태지 사랑 (Feat. Luckypink4ever),456055,1,5322,2,화나요,2021-06-08 12:07:54
31048045,Me & You ◑,456715,16,5330,2,행복해요,2021-06-08 12:07:54
31049798,O.F.F (Feat. 개코),456143,2,5762,12,불안,2022-03-31 14:31:33
31052006,Drink Slow Henny,154837,2,5322,2,화나요,2021-06-08 12:07:54
31052420,INTRO (Daytime),470388,16,5766,12,신남,2022-03-31 14:31:33
31052478,"My Paradise (Feat. 청하, VINXEN)",456133,11,5762,12,불안,2022-03-31 14:31:33
31052724,뒤집어버려 (Inst.),466118,18,5766,12,신남,2022-03-31 14:31:33
31055324,LATATA,459133,11,5330,2,행복해요,2021-06-08 12:07:54
31062863,열애중,456107,10,5759,12,슬픔,2022-03-31 14:31:33
31063366,잘가,456757,18,5762,12,불안,2022-03-31 14:31:33
31065702,beingrich (Prod. By masked man),472220,13,5766,12,신남,2022-03-31 14:31:33
31085238,전하지 못한 진심 (Feat. Steve Aoki),468779,18,5766,12,신남,2022-03-31 14:31:33
31085242,Magic Shop,466118,11,5766,12,신남,2022-03-31 14:31:33
31085344,Lullaby,456107,18,5759,12,슬픔,2022-03-31 14:31:33
31085412,"좆됐다 (Feat. 천재노창, Kid Milli) (Prod. By 천재노창)",487508,11,5322,2,화나요,2021-06-08 12:07:54
31093710,여행,493585,6,5322,2,화나요,2021-06-08 12:07:54
31106985,Goodbye Seoul,456757,10,5762,12,불안,2022-03-31 14:31:33
31123620,닿게 됐어,463855,29,5330,2,행복해요,2021-06-08 12:07:54
31131274,Forever Young,459133,29,5330,2,행복해요,2021-06-08 12:07:54
31134490,[Oops],464453,7,5766,12,신남,2022-03-31 14:31:33
31143989,비싸,456143,13,5762,12,불안,2022-03-31 14:31:33
31144685,Work Out,456133,10,5762,12,불안,2022-03-31 14:31:33
31152163,Life Is Premium (SK브로드밴드 광고) #2 (Feat. 이날),456133,13,5762,12,불안,2022-03-31 14:31:33
31155675,Cherry coke,455995,2,5759,12,슬픔,2022-03-31 14:31:33
31172279,Enchanted Propaganda,456091,20,5762,12,불안,2022-03-31 14:31:33
31172682,나비효과,456657,7,5762,12,불안,2022-03-31 14:31:33
31186222,전화 (Feat. 펀치),456055,18,5322,2,화나요,2021-06-08 12:07:54
31186255,"RedMGZN.CUM Pt.2 (Feat. Benzamin, Ponyromo)",456133,16,5762,12,불안,2022-03-31 14:31:33
31196764,여름여름해 (Sunny Summer),459133,5,5330,2,행복해요,2021-06-08 12:07:54
31214961,in my hood,456141,1,5762,12,불안,2022-03-31 14:31:33
31215757,Me,456427,7,5762,12,불안,2022-03-31 14:31:33
31216158,Why Do We,456422,3,5711,2,편안해요,2022-03-17 14:48:33
31225743,2 Lil Shorty,460784,8,5766,12,신남,2022-03-31 14:31:33
31233041,HAZY CITY,464453,16,5766,12,신남,2022-03-31 14:31:33
31236055,"Gloomy Star (Feat. 1ho, Chan)",463855,14,5330,2,행복해요,2021-06-08 12:07:54
31236780,휴가,363115,16,5330,2,행복해요,2021-06-08 12:07:54
31238516,"ONE PLUS ONE (원플러스원) (Feat. 로꼬, Bravo)",464453,10,5766,12,신남,2022-03-31 14:31:33
31241793,"Mood Maker (Feat. CHANGMO, JUSTHIS, 기리보이)",464556,7,5766,12,신남,2022-03-31 14:31:33
31244742,Hymn of the Birds,456757,14,5762,12,불안,2022-03-31 14:31:33
31246870,한(一),456715,8,5330,2,행복해요,2021-06-08 12:07:54
31249401,josee!,489034,7,5322,2,화나요,2021-06-08 12:07:54
31249404,눈을 감아,456375,9,5759,12,슬픔,2022-03-31 14:31:33
31252456,다시 만나 (See you again),456206,7,5766,12,신남,2022-03-31 14:31:33
31254635,Hi High,455319,3,5711,2,편안해요,2022-03-17 14:48:33
31263803,I Might ◑,456715,17,5330,2,행복해요,2021-06-08 12:07:54
31263808,Feels So Good ◑,456715,18,5330,2,행복해요,2021-06-08 12:07:54
31266289,I'm Fine,154837,16,5322,2,화나요,2021-06-08 12:07:54
31266291,Answer : Love Myself,464453,2,5766,12,신남,2022-03-31 14:31:33
31266299,보조개,456143,3,5762,12,불안,2022-03-31 14:31:33
31266307,MIC Drop (Steve Aoki Remix) (Full Length Edition),466118,5,5766,12,신남,2022-03-31 14:31:33
31294426,사랑에 아파본 적 있나요,456657,6,5762,12,불안,2022-03-31 14:31:33
31304766,이별하러 가는 길,466884,138,5711,2,편안해요,2022-03-17 14:48:33
31309079,We Young,456143,7,5762,12,불안,2022-03-31 14:31:33
31309081,We Young (Inst.),456427,14,5762,12,불안,2022-03-31 14:31:33
31310099,I Miss You,456107,6,5759,12,슬픔,2022-03-31 14:31:33
31321238,분홍꽃,456107,7,5759,12,슬픔,2022-03-31 14:31:33
31321348,무채색의 창가에,470312,3,5711,2,편안해요,2022-03-17 14:48:33
31321349,Stood,470312,2,5711,2,편안해요,2022-03-17 14:48:33
31322916,그런 사람 또 없습니다,466884,159,5711,2,편안해요,2022-03-17 14:48:33
31327669,Lullaby,461177,8,5330,2,행복해요,2021-06-08 12:07:54
31344113,시간이 들겠지 (Feat. Colde),489034,8,5322,2,화나요,2021-06-08 12:07:54
31349614,너에게,466884,77,5711,2,편안해요,2022-03-17 14:48:33
31352027,햇빛처럼 빼어난,456757,19,5762,12,불안,2022-03-31 14:31:33
31355054,늦은 거겠지,455995,19,5759,12,슬픔,2022-03-31 14:31:33
31360309,니가 틀던 노랜 좋지도 않았는데,460784,10,5766,12,신남,2022-03-31 14:31:33
31367149,Last Scene,456757,11,5762,12,불안,2022-03-31 14:31:33
31373277,내 생에 아름다운,456401,7,5759,12,슬픔,2022-03-31 14:31:33
31376042,그 여름밤,470312,5,5711,2,편안해요,2022-03-17 14:48:33
31385178,Last,463855,28,5330,2,행복해요,2021-06-08 12:07:54
31385181,Change (Feat. GRAY) (Prod. 코드 쿤스트),456109,7,5762,12,불안,2022-03-31 14:31:33
31385183,119 (Feat. GRAY),456109,5,5762,12,불안,2022-03-31 14:31:33
31388145,너를 만나,466884,58,5711,2,편안해요,2022-03-17 14:48:33
31388146,잘 지내줘,456401,17,5759,12,슬픔,2022-03-31 14:31:33
31403111,영원처럼 안아줘 (with 카더가든),470312,11,5711,2,편안해요,2022-03-17 14:48:33
31403163,YES or YES,364679,18,5330,2,행복해요,2021-06-08 12:07:54
31414566,소년처럼 (Comme des Garcons),464453,17,5766,12,신남,2022-03-31 14:31:33
31414771,자식들 (Prod. The Quiett),456143,10,5762,12,불안,2022-03-31 14:31:33
31416044,How R U,464453,14,5766,12,신남,2022-03-31 14:31:33
31417871,SOLO,468779,3,5766,12,신남,2022-03-31 14:31:33
31419838,MTLA (Feat. Masta Wu),456133,2,5762,12,불안,2022-03-31 14:31:33
31426943,우리 서로,488903,14,5322,2,화나요,2021-06-08 12:07:54
31429050,"방에 혼자 있을 때 (Feat. CHANGMO, ASH ISLAND)",463855,18,5330,2,행복해요,2021-06-08 12:07:54
31429686,희재,466884,139,5711,2,편안해요,2022-03-17 14:48:33
31438788,DEADSTAR (Feat. CHANGMO),464453,12,5766,12,신남,2022-03-31 14:31:33
31448480,아낙네,154837,13,5322,2,화나요,2021-06-08 12:07:54
31448481,소원이지 (Feat. 유병재),456427,10,5762,12,불안,2022-03-31 14:31:33
31448484,흠 (Feat. Blue.D),456141,3,5762,12,불안,2022-03-31 14:31:33
31448485,위로 해줄래,154837,4,5322,2,화나요,2021-06-08 12:07:54
31448486,오로라,154837,28,5322,2,화나요,2021-06-08 12:07:54
31449033,찾아가세요,470388,17,5766,12,신남,2022-03-31 14:31:33
31449036,Rain,456657,3,5762,12,불안,2022-03-31 14:31:33
31456126,시,454777,11,5330,2,행복해요,2021-06-08 12:07:54
31460626,Butterflies,455966,15,5762,12,불안,2022-03-31 14:31:33
31461458,너 참 예쁘다,455319,13,5711,2,편안해요,2022-03-17 14:48:33
31469605,동네 (Under The Starlight),456401,1,5759,12,슬픔,2022-03-31 14:31:33
31496486,"Elevate (Feat. Denzel Curry, YBN Cordae, SwaVay & Trevor Rich)",467742,19,5766,12,신남,2022-03-31 14:31:33
31503937,인셉션 (feat. 1ho & Chan),463855,9,5330,2,행복해요,2021-06-08 12:07:54
31510409,알았다면,455995,13,5759,12,슬픔,2022-03-31 14:31:33
31521710,하루종일 (Band Ver.),463855,30,5330,2,행복해요,2021-06-08 12:07:54
31542725,무슨 생각해,456657,1,5762,12,불안,2022-03-31 14:31:33
31556500,해야 (Sunrise),459133,18,5330,2,행복해요,2021-06-08 12:07:54
31556510,Love Oh Love,455966,5,5762,12,불안,2022-03-31 14:31:33
31558585,Not the Same,456091,13,5762,12,불안,2022-03-31 14:31:33
31559276,Purple Rain (Feat. CHEEZE),464556,17,5766,12,신남,2022-03-31 14:31:33
31559277,오늘 밤에 (With Melody),488903,6,5322,2,화나요,2021-06-08 12:07:54
31564661,물고기,456757,17,5762,12,불안,2022-03-31 14:31:33
31565982,여수밤바다,456198,8,5759,12,슬픔,2022-03-31 14:31:33
31569691,게임 노가다,455284,12,5711,2,편안해요,2022-03-17 14:48:33
31569693,한계를 넘어선 게임,455284,15,5711,2,편안해요,2022-03-17 14:48:33
31569905,이별을 걷다 (A Walk To Goodbye),466884,4,5711,2,편안해요,2022-03-17 14:48:33
31576665,한강에서,456334,6,5759,12,슬픔,2022-03-31 14:31:33
31597983,Some Beatmaker (Feat. Svng (상) & 우원재),455981,4,5762,12,불안,2022-03-31 14:31:33
31603822,Uber Driver,472220,9,5766,12,신남,2022-03-31 14:31:33
31620496,서울의 밤 (Night in Seoul),364679,7,5330,2,행복해요,2021-06-08 12:07:54
31624517,바라봐줘요,456334,8,5759,12,슬픔,2022-03-31 14:31:33
31639884,그대 나 별,456422,1,5711,2,편안해요,2022-03-17 14:48:33
31640914,편지,456440,4,5759,12,슬픔,2022-03-31 14:31:33
31656536,악당 퇴치 (Feat. 개리),456091,16,5762,12,불안,2022-03-31 14:31:33
31671784,대화가 필요해,456427,3,5762,12,불안,2022-03-31 14:31:33
31674786,그건 아마 우리의 잘못은 아닐 거야,463855,10,5330,2,행복해요,2021-06-08 12:07:54
31675076,내 멋대로,456133,20,5762,12,불안,2022-03-31 14:31:33
31681248,안아줘요,470312,15,5711,2,편안해요,2022-03-17 14:48:33
31684633,퇴근,487508,1,5322,2,화나요,2021-06-08 12:07:54
31687985,Paranoid,456143,11,5762,12,불안,2022-03-31 14:31:33
31699259,Kills You Slowly,461177,3,5330,2,행복해요,2021-06-08 12:07:54
31712519,우우우린,470312,12,5711,2,편안해요,2022-03-17 14:48:33
31721378,"Domino (Feat. Crush) (Prod. Crush, Gxxd)",470388,1,5766,12,신남,2022-03-31 14:31:33
31721443,Je T'aime,466884,60,5711,2,편안해요,2022-03-17 14:48:33
31724058,Oh My! (Feat. Skinny Brown & ZENE THE ZILLA),456427,19,5762,12,불안,2022-03-31 14:31:33
31737196,Intro : Persona,456133,4,5762,12,불안,2022-03-31 14:31:33
31737198,소우주 (Mikrokosmos),159619,24,5322,2,화나요,2021-06-08 12:07:54
31737200,HOME,159619,20,5322,2,화나요,2021-06-08 12:07:54
31742666,나무,489034,10,5322,2,화나요,2021-06-08 12:07:54
31742684,love within,464453,4,5766,12,신남,2022-03-31 14:31:33
31754579,FANCY,459133,17,5330,2,행복해요,2021-06-08 12:07:54
31762166,Annabel,456757,20,5762,12,불안,2022-03-31 14:31:33
31764742,너를 위한 멜로디 (Melody 4 U),466884,111,5711,2,편안해요,2022-03-17 14:48:33
31764887,NBA,154837,9,5322,2,화나요,2021-06-08 12:07:54
31767622,About time (With 진세호),488903,4,5322,2,화나요,2021-06-08 12:07:54
31777113,Goodbye,489034,12,5322,2,화나요,2021-06-08 12:07:54
31788874,Bition Boyz,464453,1,5766,12,신남,2022-03-31 14:31:33
31789981,DM (매일이 선물),456657,14,5762,12,불안,2022-03-31 14:31:33
31803981,가끔 난 날 안 믿어,456143,20,5762,12,불안,2022-03-31 14:31:33
31803986,ㅈ,159619,3,5322,2,화나요,2021-06-08 12:07:54
31804010,너에게 못했던 내 마지막 말은,456422,2,5711,2,편안해요,2022-03-17 14:48:33
31815962,"A Whole New World (From ""Aladdin""/Soundtrack Version)",364679,19,5330,2,행복해요,2021-06-08 12:07:54
31815967,"Speechless (Full) (From ""Aladdin""/Soundtrack Version)",364679,5,5330,2,행복해요,2021-06-08 12:07:54
31829536,사랑이 식었다고 말해도 돼,466884,10,5711,2,편안해요,2022-03-17 14:48:33
31835675,Help Me,493585,16,5322,2,화나요,2021-06-08 12:07:54
31843404,불면 (不眠),463855,19,5330,2,행복해요,2021-06-08 12:07:54
31849363,Monster (Feat. Raz Simone) (Prod. By Charlie Heat),456133,15,5762,12,불안,2022-03-31 14:31:33
31853557,오늘도 빛나는 너에게 (To You My Light) (Feat.이라온),456828,2,5711,2,편안해요,2022-03-17 14:48:33
31864627,어질어질 (Outta My Head),454777,9,5330,2,행복해요,2021-06-08 12:07:54
31866407,Honesty,463855,11,5330,2,행복해요,2021-06-08 12:07:54
31870517,술이 문제야,466884,93,5711,2,편안해요,2022-03-17 14:48:33
31872859,짐살라빔 (Zimzalabim),459133,6,5330,2,행복해요,2021-06-08 12:07:54
31874321,IDC,456143,8,5762,12,불안,2022-03-31 14:31:33
31889991,South of the Border (feat. Camila Cabello & Cardi B),461177,9,5330,2,행복해요,2021-06-08 12:07:54
31889998,Put It All On Me (feat. Ella Mai),461177,10,5330,2,행복해요,2021-06-08 12:07:54
31895208,열대야 (Fever),459133,7,5330,2,행복해요,2021-06-08 12:07:54
31903325,팝시클 (POPSICLE),470388,2,5766,12,신남,2022-03-31 14:31:33
31905179,매일 너에게 (beautiful moment),456333,17,5759,12,슬픔,2022-03-31 14:31:33
31906852,Problems,454777,14,5330,2,행복해요,2021-06-08 12:07:54
31907388,U GOT IT,470388,5,5766,12,신남,2022-03-31 14:31:33
31908173,In My Head,456133,3,5762,12,불안,2022-03-31 14:31:33
31919974,"Can You Feel the Love Tonight (From ""The Lion King""/Soundtrack Version)",364679,6,5330,2,행복해요,2021-06-08 12:07:54
31921690,You are (Feat. Hash Swan),460784,4,5766,12,신남,2022-03-31 14:31:33
31929663,내 안부,466884,80,5711,2,편안해요,2022-03-17 14:48:33
31930276,샤워,456206,10,5766,12,신남,2022-03-31 14:31:33
31935655,끝,456375,1,5759,12,슬픔,2022-03-31 14:31:33
31936909,Fuck It Up (Feat. Kash Doll),456141,6,5762,12,불안,2022-03-31 14:31:33
31943374,RED-SUN (021),470388,7,5766,12,신남,2022-03-31 14:31:33
31949140,초월 (Feat. C JAMM),467742,14,5766,12,신남,2022-03-31 14:31:33
31953518,시소 (SEESAW),455995,1,5759,12,슬픔,2022-03-31 14:31:33
31954158,The Way We Were,456427,20,5762,12,불안,2022-03-31 14:31:33
31955739,ICY,459133,8,5330,2,행복해요,2021-06-08 12:07:54
31959868,너답기기안 (너의 답장을 기다리다가 기분이 안좋아졌어),493585,8,5322,2,화나요,2021-06-08 12:07:54
31967064,기억해줘요 내 모든 날과 그때를,456401,11,5759,12,슬픔,2022-03-31 14:31:33
31967760,MISSING,470388,13,5766,12,신남,2022-03-31 14:31:33
31969182,BUNGEE (Fall in Love),459133,23,5330,2,행복해요,2021-06-08 12:07:54
31984204,안녕,466884,59,5711,2,편안해요,2022-03-17 14:48:33
31999165,어서와,455995,10,5759,12,슬픔,2022-03-31 14:31:33
31999212,yeah yeah,468779,10,5766,12,신남,2022-03-31 14:31:33
32003395,흔들리는 꽃들 속에서 네 샴푸향이 느껴진거야,455052,1,5711,2,편안해요,2022-03-17 14:48:33
32021723,안녕,488903,11,5322,2,화나요,2021-06-08 12:07:54
32031043,가을밤 떠난 너,456333,20,5759,12,슬픔,2022-03-31 14:31:33
32035264,현실탈환작전 (現実奪還作戦),456091,2,5762,12,불안,2022-03-31 14:31:33
32035384,Dear My,456440,14,5759,12,슬픔,2022-03-31 14:31:33
32035983,Pick up your phone (Feat. MOON),456109,19,5762,12,불안,2022-03-31 14:31:33
32035987,"Counting (Feat. Kid Milli, The Quiett)",460784,16,5766,12,신남,2022-03-31 14:31:33
32042582,너의 바다 (Feat. 김호연),470312,13,5711,2,편안해요,2022-03-17 14:48:33
32043720,247,455966,19,5762,12,불안,2022-03-31 14:31:33
32052433,시계 바늘,470312,8,5711,2,편안해요,2022-03-17 14:48:33
32057402,XXX,468779,1,5766,12,신남,2022-03-31 14:31:33
32058950,Summer Snack (Feat. The Quiett) (Prod. GXXD),456143,9,5762,12,불안,2022-03-31 14:31:33
32059630,조금 취했어 (Prod. 2soo),466884,30,5711,2,편안해요,2022-03-17 14:48:33
32060124,하루아침,159735,12,5322,2,화나요,2021-06-08 12:07:54
32061973,뱃노래,489238,5,5322,2,화나요,2021-06-08 12:07:54
32069162,급SICK (Prod. Grene Man),456091,11,5762,12,불안,2022-03-31 14:31:33
32080223,이별행동,466884,81,5711,2,편안해요,2022-03-17 14:48:33
32082258,빛이 되어줄게,456107,1,5759,12,슬픔,2022-03-31 14:31:33
32085144,있어줘요,488851,2,5322,2,화나요,2021-06-08 12:07:54
32093871,RENDEZ-VOUS,488903,5,5322,2,화나요,2021-06-08 12:07:54
32096708,Lonely Child,455981,12,5762,12,불안,2022-03-31 14:31:33
32098315,고단한 내 하루 끝에,493585,3,5322,2,화나요,2021-06-08 12:07:54
32104207,게임,455284,2,5330,2,행복해요,2021-06-08 12:07:54
32109352,잊지 말아요,466884,38,5711,2,편안해요,2022-03-17 14:48:33
32128635,…사랑했잖아…,466884,39,5711,2,편안해요,2022-03-17 14:48:33
32130404,Gravity,456107,20,5759,12,슬픔,2022-03-31 14:31:33
32130782,Holiday,468779,11,5766,12,신남,2022-03-31 14:31:33
32137576,Don't Start Now,454777,15,5330,2,행복해요,2021-06-08 12:07:54
32141930,another level (Feat. 페노메코),455981,10,5762,12,불안,2022-03-31 14:31:33
32141932,Dystopia,456091,1,5762,12,불안,2022-03-31 14:31:33
32142776,기억의 풍경 위에 그대가 서 있다,456030,13,5759,12,슬픔,2022-03-31 14:31:33
32143735,오늘도 빛나는 너에게 (Lullaby Ver.) (Feat. 이라온),466008,5,5711,2,편안해요,2022-03-17 14:48:33
32146140,처음아침,456030,20,5759,12,슬픔,2022-03-31 14:31:33
32147306,Now or Never (feat. Jonas Blue),455966,3,5762,12,불안,2022-03-31 14:31:33
32153604,멀어진 이유,488903,3,5322,2,화나요,2021-06-08 12:07:54
32156128,모르는 게 많았어요 (Demo),456333,10,5759,12,슬픔,2022-03-31 14:31:33
32156286,늦은 밤 너의 집 앞 골목길에서,466884,109,5711,2,편안해요,2022-03-17 14:48:33
32158732,왕좌의 게임,455284,8,5330,2,행복해요,2021-06-08 12:07:54
32159598,이혼서류,463855,24,5330,2,행복해요,2021-06-08 12:07:54
32159975,Free My Skin,456422,5,5711,2,편안해요,2022-03-17 14:48:33
32173709,REMEMBER,456143,6,5762,12,불안,2022-03-31 14:31:33
32174795,Ayy Macarena,455981,19,5762,12,불안,2022-03-31 14:31:33
32182825,4EVER (Feat. YUZION),456133,7,5762,12,불안,2022-03-31 14:31:33
32183384,unlucky,466008,14,5711,2,편안해요,2022-03-17 14:48:33
32183386,Blueming,456828,3,5711,2,편안해요,2022-03-17 14:48:33
32186111,퇴근,487508,8,5322,2,화나요,2021-06-08 12:07:54
32193722,"시발점 Remix (Feat. 버벌진트, Beenzino)",456133,8,5762,12,불안,2022-03-31 14:31:33
32210695,Osshun Waves,456143,12,5762,12,불안,2022-03-31 14:31:33
32219465,멈출 수 없는 게임,455284,17,5711,2,편안해요,2022-03-17 14:48:33
32224166,너의 번호를 누르고 (Prod. 영화처럼),466884,16,5711,2,편안해요,2022-03-17 14:48:33
32224280,REMEDY (Feat. 청하 (CHUNG HA)),456141,2,5762,12,불안,2022-03-31 14:31:33
32225055,잘 살고 있다,466884,21,5711,2,편안해요,2022-03-17 14:48:33
32226461,"거지 (Feat. YUNHWAY, Jhnovr, JUSTHIS)",487508,13,5322,2,화나요,2021-06-08 12:07:54
32227738,울어줘 (Feat. 김라일리),456030,3,5759,12,슬픔,2022-03-31 14:31:33
32233447,Family (with Kygo),461177,4,5330,2,행복해요,2021-06-08 12:07:54
32235310,십이월 이십오일의 고백,466884,32,5711,2,편안해요,2022-03-17 14:48:33
32243275,310,463855,7,5330,2,행복해요,2021-06-08 12:07:54
32252597,moon,460784,15,5766,12,신남,2022-03-31 14:31:33
32254877,원하고 원망하죠,465077,50,5711,2,편안해요,2022-03-17 14:48:33
32272367,Teenage Fever,456141,4,5762,12,불안,2022-03-31 14:31:33
32273317,Don't Leave Me Alone (feat. Anne-Marie),461177,18,5330,2,행복해요,2021-06-08 12:07:54
32273582,Psycho,459133,16,5330,2,행복해요,2021-06-08 12:07:54
32273590,음파음파 (Umpah Umpah),459133,24,5330,2,행복해요,2021-06-08 12:07:54
32275118,우리 둘 사이로,456440,6,5759,12,슬픔,2022-03-31 14:31:33
32281725,오갓!,456143,17,5762,12,불안,2022-03-31 14:31:33
32281728,릿,456109,15,5762,12,불안,2022-03-31 14:31:33
32282879,퇴사,487508,4,5322,2,화나요,2021-06-08 12:07:54
32316819,비 (Vocal 기다온),456030,14,5759,12,슬픔,2022-03-31 14:31:33
32323789,게임,455284,3,5711,2,편안해요,2022-03-17 14:48:33
32323801,게임(MR),455284,10,5330,2,행복해요,2021-06-08 12:07:54
32334449,Boys from the mud,456143,18,5762,12,불안,2022-03-31 14:31:33
32341966,ALL TO YOU (feat. Kiana Ledé),456109,9,5762,12,불안,2022-03-31 14:31:33
32343295,너에게 간다,456402,7,5759,12,슬픔,2022-03-31 14:31:33
32358035,Teenage in Closet (Feat. JAMIE),463855,32,5330,2,행복해요,2021-06-08 12:07:54
32358039,나는 과연 너를,460784,6,5766,12,신남,2022-03-31 14:31:33
32363435,나 믿기지 않아,455995,7,5759,12,슬픔,2022-03-31 14:31:33
32363738,Junk,467742,10,5766,12,신남,2022-03-31 14:31:33
32364000,둘만의 세상으로 가,489034,2,5322,2,화나요,2021-06-08 12:07:54
32364101,반복,463855,23,5330,2,행복해요,2021-06-08 12:07:54
32377902,칵테일 사랑,465077,51,5711,2,편안해요,2022-03-17 14:48:33
32399824,Jamais Vu,154837,22,5322,2,화나요,2021-06-08 12:07:54
32399825,Dionysus,468779,19,5766,12,신남,2022-03-31 14:31:33
32399836,Respect,154837,1,5322,2,화나요,2021-06-08 12:07:54
32400835,사랑의 인사,465077,52,5711,2,편안해요,2022-03-17 14:48:33
32411220,PAY DAY (Prod. GRAY) (Inst.),456143,16,5762,12,불안,2022-03-31 14:31:33
32420897,퇴사할까요 (그것은 당신을 위해 어쩔 수 없는 일),487508,6,5322,2,화나요,2021-06-08 12:07:54
32422337,라라라,465077,53,5711,2,편안해요,2022-03-17 14:48:33
32422482,She's mine (Feat. ASH ISLAND) (Prod. TOIL),456109,13,5762,12,불안,2022-03-31 14:31:33
32441006,그대여 그대여 나의 그대여,456422,17,5711,2,편안해요,2022-03-17 14:48:33
32442626,내 입맛 (Feat. ZICO),472220,16,5766,12,신남,2022-03-31 14:31:33
32442878,너에게 난 나에게 넌,465077,54,5711,2,편안해요,2022-03-17 14:48:33
32442879,버스 안에서,465077,55,5711,2,편안해요,2022-03-17 14:48:33
32456033,더 게임 : 0시를 향하여,455284,18,5711,2,편안해요,2022-03-17 14:48:33
32464070,꿈속에서 널,456440,5,5759,12,슬픔,2022-03-31 14:31:33
32475349,잊었니…,456401,9,5759,12,슬픔,2022-03-31 14:31:33
32475351,Walk,456422,13,5711,2,편안해요,2022-03-17 14:48:33
32476250,좋은 밤 좋은 꿈,489034,4,5322,2,화나요,2021-06-08 12:07:54
32479576,GONE (Feat. Paloalto) (Prod. TOIL),463855,22,5330,2,행복해요,2021-06-08 12:07:54
32479622,투 머치 (too much),456141,8,5762,12,불안,2022-03-31 14:31:33
32482636,고강동,456757,15,5762,12,불안,2022-03-31 14:31:33
32486613,처음처럼,466884,114,5711,2,편안해요,2022-03-17 14:48:33
32491274,아로하,466884,36,5711,2,편안해요,2022-03-17 14:48:33
32493761,어제처럼,456401,14,5759,12,슬픔,2022-03-31 14:31:33
32502023,뭔가 잘못됐어,470312,6,5711,2,편안해요,2022-03-17 14:48:33
32506464,고백,466884,78,5711,2,편안해요,2022-03-17 14:48:33
32508053,이제 나만 믿어요,466884,62,5711,2,편안해요,2022-03-17 14:48:33
32508146,화려하지 않은 고백,466884,146,5711,2,편안해요,2022-03-17 14:48:33
32517301,GOAT ft.버벌진트,456109,4,5762,12,불안,2022-03-31 14:31:33
32519127,피에스타,456427,17,5762,12,불안,2022-03-31 14:31:33
32535560,Freedom,461177,13,5330,2,행복해요,2021-06-08 12:07:54
32539996,Instagrammer Girl,456109,12,5762,12,불안,2022-03-31 14:31:33
32550257,인형,455966,20,5762,12,불안,2022-03-31 14:31:33
32550314,우리 만남이,489238,6,5322,2,화나요,2021-06-08 12:07:54
32556367,아직 너를 미워해,456375,5,5759,12,슬픔,2022-03-31 14:31:33
32559781,살짝 설렜어 (Nonstop),459133,14,5330,2,행복해요,2021-06-08 12:07:54
32559782,Dolphin,459133,10,5330,2,행복해요,2021-06-08 12:07:54
32559783,꽃차 (Flower Tea),456402,1,5759,12,슬픔,2022-03-31 14:31:33
32559785,Krystal,456402,19,5759,12,슬픔,2022-03-31 14:31:33
32559844,나는 싫어,456030,17,5759,12,슬픔,2022-03-31 14:31:33
32561690,내 눈물 모아,455995,4,5759,12,슬픔,2022-03-31 14:31:33
32566897,사장님 도박은 재미로 하셔야 합니다,463855,27,5330,2,행복해요,2021-06-08 12:07:54
32568541,그때의 우리 (Feat. 이하늘),456757,3,5762,12,불안,2022-03-31 14:31:33
32569985,퇴사,487508,5,5322,2,화나요,2021-06-08 12:07:54
32570501,서면역에서,466884,66,5711,2,편안해요,2022-03-17 14:48:33
32578498,에잇(Prod.&Feat. SUGA of BTS),363115,15,5330,2,행복해요,2021-06-08 12:07:54
32581667,그냥,456143,5,5762,12,불안,2022-03-31 14:31:33
32600543,I Was a Boom Bap Kid,472220,19,5766,12,신남,2022-03-31 14:31:33
32604861,Webster B,456109,14,5762,12,불안,2022-03-31 14:31:33
32626719,살아가는 거야,456375,4,5759,12,슬픔,2022-03-31 14:31:33
32632368,夜に駆ける,466008,10,5711,2,편안해요,2022-03-17 14:48:33
32647505,나는 이영지,456141,14,5762,12,불안,2022-03-31 14:31:33
32676501,현주소 (629-6),456141,13,5762,12,불안,2022-03-31 14:31:33
32689405,언제라도 어디에서라도,456334,14,5759,12,슬픔,2022-03-31 14:31:33
32706488,RUN,456141,5,5762,12,불안,2022-03-31 14:31:33
32710775,눈부신 날의 고백 (Feat. 이하늘),456757,1,5762,12,불안,2022-03-31 14:31:33
32722282,트월킹 (Feat. 라비(RAVI)),464556,6,5766,12,신남,2022-03-31 14:31:33
32729800,미란아,456109,11,5762,12,불안,2022-03-31 14:31:33
32734375,No you can't,456133,1,5762,12,불안,2022-03-31 14:31:33
32742805,잘 됐으면 해 (2020),456333,6,5759,12,슬픔,2022-03-31 14:31:33
32755557,우주비행 (Feat. Chan),463855,4,5330,2,행복해요,2021-06-08 12:07:54
32757854,잔소리 (goodforyou) (Feat. ASH ISLAND),472220,8,5766,12,신남,2022-03-31 14:31:33
32776088,たぶん,466008,11,5711,2,편안해요,2022-03-17 14:48:33
32777869,거짓말이라도 해서 널 보고싶어,456198,16,5759,12,슬픔,2022-03-31 14:31:33
32778837,불 좀 꺼줄래,466884,45,5711,2,편안해요,2022-03-17 14:48:33
32790288,바다,455966,16,5762,12,불안,2022-03-31 14:31:33
32794652,취기를 빌려 (취향저격 그녀 X 산들),466884,18,5711,2,편안해요,2022-03-17 14:48:33
32799210,남아있어,489034,15,5322,2,화나요,2021-06-08 12:07:54
32812198,Mad at Disney,493585,4,5322,2,화나요,2021-06-08 12:07:54
32823088,On and On,456715,14,5330,2,행복해요,2021-06-08 12:07:54
32825457,Numb,455981,14,5762,12,불안,2022-03-31 14:31:33
32833393,덤디덤디 (DUMDi DUMDi),459133,25,5330,2,행복해요,2021-06-08 12:07:54
32846393,아틀란티스 소녀 (Atlantis Princess),459133,28,5330,2,행복해요,2021-06-08 12:07:54
32860420,Don’t Give A What,456206,4,5766,12,신남,2022-03-31 14:31:33
32860422,iD,455966,18,5762,12,불안,2022-03-31 14:31:33
32871975,내 마음이 움찔했던 순간 (취향저격 그녀 X 규현),466884,147,5711,2,편안해요,2022-03-17 14:48:33
32872978,Dynamite,456828,4,5330,2,행복해요,2021-06-08 12:07:54
32874183,GOAT,456143,4,5762,12,불안,2022-03-31 14:31:33
32874185,Waves room skit,456109,18,5762,12,불안,2022-03-31 14:31:33
32875172,디스코 코믹 긴장 게임 bgm,455284,19,5711,2,편안해요,2022-03-17 14:48:33
32880608,미식축구,456427,2,5762,12,불안,2022-03-31 14:31:33
32897058,도착,466118,13,5766,12,신남,2022-03-31 14:31:33
32899050,그대 행복해야 해요,456401,5,5759,12,슬픔,2022-03-31 14:31:33
32900010,9월의 봄,456107,12,5759,12,슬픔,2022-03-31 14:31:33
32902881,밤새 (취향저격 그녀 X 카더가든),456375,13,5759,12,슬픔,2022-03-31 14:31:33
32907453,자각몽 (Abracadabra),455966,17,5762,12,불안,2022-03-31 14:31:33
32907454,End Of Story,456657,4,5762,12,불안,2022-03-31 14:31:33
32915886,축하해 (Prod. By VAN.C),463855,20,5330,2,행복해요,2021-06-08 12:07:54
32930873,Last Song,455981,5,5762,12,불안,2022-03-31 14:31:33
32954912,그렇게 넌 내게 빛나,456440,3,5759,12,슬픔,2022-03-31 14:31:33
32955268,Cliche,456141,9,5762,12,불안,2022-03-31 14:31:33
32957900,사랑한다 말해도,455052,6,5711,2,편안해요,2022-03-17 14:48:33
32957917,"Come Back (Feat. Leellamarz, Hash Swan, Skinny Brown)",460784,3,5766,12,신남,2022-03-31 14:31:33
32962258,Savage Love (Laxed - Siren Beat) (BTS Remix),159735,1,5322,2,화나요,2021-06-08 12:07:54
32977433,소개팅 날,466884,79,5711,2,편안해요,2022-03-17 14:48:33
32986152,Marry Me,466884,27,5711,2,편안해요,2022-03-17 14:48:33
32987479,면회실,456133,17,5762,12,불안,2022-03-31 14:31:33
32993985,한국 (Remastered Ver.),456427,18,5762,12,불안,2022-03-31 14:31:33
32996475,도레미,466118,10,5766,12,신남,2022-03-31 14:31:33
32998018,힘든 건 사랑이 아니다,466884,24,5711,2,편안해요,2022-03-17 14:48:33
32998020,소확행,466884,23,5711,2,편안해요,2022-03-17 14:48:33
32999763,놓아줘 (with 태연),489034,5,5322,2,화나요,2021-06-08 12:07:54
33007441,피어나:開花,456440,9,5759,12,슬픔,2022-03-31 14:31:33
33010630,누군가의 마음이 되면,470312,1,5711,2,편안해요,2022-03-17 14:48:33
33011180,나랑 같이 걸을래 (바른연애 길잡이 X 적재),456334,20,5759,12,슬픔,2022-03-31 14:31:33
33012877,G+Jus Freestyle (Prod. GroovyRoom),466008,16,5711,2,편안해요,2022-03-17 14:48:33
33016660,HELL IN HEAVEN,455966,14,5762,12,불안,2022-03-31 14:31:33
33027823,"Nomad (Feat. sokodomo, 염따 & Ugly Duck)",466118,16,5766,12,신남,2022-03-31 14:31:33
33029108,Love and a boy,456133,12,5762,12,불안,2022-03-31 14:31:33
33029110,Ok man (Feat. BOBBY),468779,12,5766,12,신남,2022-03-31 14:31:33
33029793,minimal warm (취향저격 그녀 X 찬열 (CHANYEOL)),466884,148,5711,2,편안해요,2022-03-17 14:48:33
33043504,가을밤에 든 생각,463855,6,5330,2,행복해요,2021-06-08 12:07:54
33045720,우린 자정을 넘어,489034,6,5322,2,화나요,2021-06-08 12:07:54
33061680,광장동에서,456109,2,5762,12,불안,2022-03-31 14:31:33
33061995,밤하늘의 별을(2020),456828,5,5330,2,행복해요,2021-06-08 12:07:54
33064133,사라진 모든 것들에게(with ELLE KOREA),463855,17,5330,2,행복해요,2021-06-08 12:07:54
33067476,Black Mamba,459133,13,5330,2,행복해요,2021-06-08 12:07:54
33077588,원해 (Feat. 팔로알토) (Prod. 코드 쿤스트),456091,14,5762,12,불안,2022-03-31 14:31:33
33077589,"윈윈 (Feat. 개코, BewhY) (Prod. BewhY)",464453,6,5766,12,신남,2022-03-31 14:31:33
33077590,VVS (Feat. JUSTHIS) (Prod. GroovyRoom),468779,8,5766,12,신남,2022-03-31 14:31:33
33077591,Freak (Prod. Slom),456091,19,5762,12,불안,2022-03-31 14:31:33
33081275,Body,455981,8,5762,12,불안,2022-03-31 14:31:33
33082577,태양계,470312,4,5711,2,편안해요,2022-03-17 14:48:33
33099359,우리 시간은 서로를 간직하면 돼,456030,2,5759,12,슬픔,2022-03-31 14:31:33
33107651,전부 다 주지말걸,466884,67,5711,2,편안해요,2022-03-17 14:48:33
33115806,뿌리 (Feat. JUSTHIS) (Prod. GroovyRoom),456091,12,5762,12,불안,2022-03-31 14:31:33
33129708,뻔한남자,466884,5,5711,2,편안해요,2022-03-17 14:48:33
33133804,악역 (Feat. 이하이 & 사이먼 도미닉) (Prod. 코드 쿤스트),456091,10,5762,12,불안,2022-03-31 14:31:33
33150800,Money over Love (feat. 베이니플),456141,11,5762,12,불안,2022-03-31 14:31:33
33150994,"여백의 미 (Feat. Jessi, JUSTHIS) (Prod. GroovyRoom)",456091,5,5762,12,불안,2022-03-31 14:31:33
33150996,"Yay (Feat. 이영지, JAMIE (제이미) & 팔로알토) (Prod. 코드 쿤스트)",456143,1,5762,12,불안,2022-03-31 14:31:33
33161256,거리에서,467710,9,5711,2,편안해요,2022-03-17 14:48:33
33161261,나의 노래,467710,10,5711,2,편안해요,2022-03-17 14:48:33
33161306,걱정말아요 그대,466884,50,5711,2,편안해요,2022-03-17 14:48:33
33161711,G+Jus Freestyle (Inst.) (Prod. GroovyRoom),466008,15,5711,2,편안해요,2022-03-17 14:48:33
33161712,원해 (Inst.) (Prod. 코드 쿤스트),468779,6,5766,12,신남,2022-03-31 14:31:33
33161714,VVS (Inst.) (Prod. GroovyRoom),468779,17,5766,12,신남,2022-03-31 14:31:33
33161724,부어라 비워라 (Tricker) (Inst.) (Prod. GroovyRoom),455981,6,5762,12,불안,2022-03-31 14:31:33
33161727,고독하구만 (Inst.) (Prod. GroovyRoom),464453,9,5766,12,신남,2022-03-31 14:31:33
33170813,IDNY (Feat. Skinny Brown),456091,7,5762,12,불안,2022-03-31 14:31:33
33177639,첫사랑 (feat.SOLE(쏠)),456334,11,5759,12,슬픔,2022-03-31 14:31:33
33193810,MOON,493585,17,5322,2,화나요,2021-06-08 12:07:54
33210569,기억해줘요 이런 내 마음을 (바니와 오빠들 X 솔지),456422,7,5711,2,편안해요,2022-03-17 14:48:33
33211042,괜찮아,456334,10,5759,12,슬픔,2022-03-31 14:31:33
33214853,바다에 누워,456375,2,5759,12,슬픔,2022-03-31 14:31:33
33228700,사랑.. 그 놈,466884,1,5711,2,편안해요,2022-03-17 14:48:33
33229062,stay,456091,18,5762,12,불안,2022-03-31 14:31:33
33229299,이 밤을 빌려 말해요 (바른연애 길잡이 X 10CM),466884,70,5711,2,편안해요,2022-03-17 14:48:33
33239419,Celebrity,456828,6,5330,2,행복해요,2021-06-08 12:07:54
33248070,4 Harsh Carls,456091,3,5762,12,불안,2022-03-31 14:31:33
33248390,all of my life,466884,2,5711,2,편안해요,2022-03-17 14:48:33
33248758,추억은 만남보다 이별에 남아,466884,17,5711,2,편안해요,2022-03-17 14:48:33
33267210,뜨거운 여름밤은 가고 남은건 볼품 없지만,470312,16,5711,2,편안해요,2022-03-17 14:48:33
33279507,Cubana (feat.Young Kay),456091,8,5762,12,불안,2022-03-31 14:31:33
33293823,시간을 돌리는 마법사 (Feat. SHINHYO),456375,17,5759,12,슬픔,2022-03-31 14:31:33
33296090,꽃말,470312,7,5711,2,편안해요,2022-03-17 14:48:33
33315263,10년 후 (Feat. Paloalto)  (Prod. Minit),456143,15,5762,12,불안,2022-03-31 14:31:33
33316276,Love And Pain,456375,15,5759,12,슬픔,2022-03-31 14:31:33
33333796,A STAR IS BORN,456091,15,5762,12,불안,2022-03-31 14:31:33
33333799,eclipse,456109,20,5762,12,불안,2022-03-31 14:31:33
33347390,이렇게 좋아해 본 적이 없어요,456107,9,5759,12,슬픔,2022-03-31 14:31:33
33372781,라일락,364679,14,5330,2,행복해요,2021-06-08 12:07:54
33373124,회상,466884,150,5711,2,편안해요,2022-03-17 14:48:33
33397561,ASAP,459133,12,5330,2,행복해요,2021-06-08 12:07:54
33434340,소주 한 잔 (Live ver.),467710,12,5711,2,편안해요,2022-03-17 14:48:33
33464805,Dun Dun Dance,459133,1,5330,2,행복해요,2021-06-08 12:07:54
33480898,신호등,456828,7,5330,2,행복해요,2021-06-08 12:07:54
33487342,Next Level,456828,8,5711,2,편안해요,2022-03-17 14:48:33
33487708,WE GO,459133,27,5330,2,행복해요,2021-06-08 12:07:54
33507461,I Love U,466884,12,5711,2,편안해요,2022-03-17 14:48:33
33509109,큰일이다,466884,65,5711,2,편안해요,2022-03-17 14:48:33
33527705,안녕 (Hello),459133,22,5330,2,행복해요,2021-06-08 12:07:54
33559180,Alcohol-Free,459133,15,5330,2,행복해요,2021-06-08 12:07:54
33571535,추적이는 여름 비가 되어,466884,41,5711,2,편안해요,2022-03-17 14:48:33
33623210,Bad Habits,461177,11,5330,2,행복해요,2021-06-08 12:07:54
33655994,Weekend,456828,9,5711,2,편안해요,2022-03-17 14:48:33
33666269,Permission to Dance,456828,10,5330,2,행복해요,2021-06-08 12:07:54
33691794,좋아좋아,466884,37,5711,2,편안해요,2022-03-17 14:48:33
33699116,고백,466884,42,5711,2,편안해요,2022-03-17 14:48:33
33725775,낙하 (with 아이유),456055,5,5322,2,화나요,2021-06-08 12:07:54
33746557,Skate,461177,17,5330,2,행복해요,2021-06-08 12:07:54
33772329,고백,466884,69,5711,2,편안해요,2022-03-17 14:48:33
33793429,제자리 걸음,466884,19,5711,2,편안해요,2022-03-17 14:48:33
33805289,Queendom,456715,1,5330,2,행복해요,2021-06-08 12:07:54
33810334,한겨울밤의 꿈 (2021 Remastered),455052,5,5711,2,편안해요,2022-03-17 14:48:33
33810388,밸런스 게임,455284,11,5330,2,행복해요,2021-06-08 12:07:54
33855085,가까운 듯 먼 그대여,463855,3,5330,2,행복해요,2021-06-08 12:07:54
33868791,고백,466884,72,5711,2,편안해요,2022-03-17 14:48:33
33976677,찰나가 영원이 될 때 (The Eternal Moment),466008,6,5711,2,편안해요,2022-03-17 14:48:33
33978183,너를 생각해,466884,44,5711,2,편안해요,2022-03-17 14:48:33
33982824,해운대,466884,64,5711,2,편안해요,2022-03-17 14:48:33
34061322,사랑은 늘 도망가,466884,61,5711,2,편안해요,2022-03-17 14:48:33
34077352,Undeniable (Feat. X Ambassadors),461177,1,5330,2,행복해요,2021-06-08 12:07:54
34082381,이러면 안 될 거 아는데 너 앞에만 서면 나락 (Feat. 10CM),493585,10,5322,2,화나요,2021-06-08 12:07:54
34091230,Easy On Me,454777,2,5330,2,행복해요,2021-06-08 12:07:54
34154224,그리워 그리워,489034,1,5322,2,화나요,2021-06-08 12:07:54
34194115,밤하늘의 별을(Original),466884,137,5711,2,편안해요,2022-03-17 14:48:33
34349913,ELEVEN,456828,11,5711,2,편안해요,2022-03-17 14:48:33
34349914,Take It,493585,11,5322,2,화나요,2021-06-08 12:07:54
34397419,흰눈,466884,8,5711,2,편안해요,2022-03-17 14:48:33
34431086,취중고백,466884,76,5711,2,편안해요,2022-03-17 14:48:33
34436674,Dreams Come True,456828,12,5330,2,행복해요,2021-06-08 12:07:54
34481682,겨울잠,470312,10,5711,2,편안해요,2022-03-17 14:48:33
34482261,사랑은 말로 표현하는게 아니래요,466884,145,5711,2,편안해요,2022-03-17 14:48:33
34494149,Step Back,456828,13,5330,2,행복해요,2021-06-08 12:07:54
34501949,아네모네,463855,26,5330,2,행복해요,2021-06-08 12:07:54
34538515,SMILEY (Feat. BIBI),493585,5,5322,2,화나요,2021-06-08 12:07:54
34543841,Melody,461177,7,5330,2,행복해요,2021-06-08 12:07:54
34555834,이쁘지나 말지,466884,54,5711,2,편안해요,2022-03-17 14:48:33
34572522,Numb Little Bug,493585,7,5322,2,화나요,2021-06-08 12:07:54
34592758,너 아니면 안돼,466884,9,5711,2,편안해요,2022-03-17 14:48:33
34622559,잊을 수 있을까,456422,11,5711,2,편안해요,2022-03-17 14:48:33
34626109,INVU,456828,15,5330,2,행복해요,2021-06-08 12:07:54
34655572,pushin B,464556,4,5766,12,신남,2022-03-31 14:31:33
34657844,사랑인가 봐,466008,2,5711,2,편안해요,2022-03-17 14:48:33
34684267,너의 여행 (With 정승환),456333,4,5759,12,슬픔,2022-03-31 14:31:33
34692867,"Do what I do (Feat. 이적, Pphk)",455981,3,5762,12,불안,2022-03-31 14:31:33
34700798,보통의 이별에게,456333,19,5759,12,슬픔,2022-03-31 14:31:33
34713186,언제쯤…,456333,11,5759,12,슬픔,2022-03-31 14:31:33
34713509,거울에게,456422,15,5711,2,편안해요,2022-03-17 14:48:33
34723782,Spooky Asian (Feat. Changmo),456141,18,5762,12,불안,2022-03-31 14:31:33
34746814,"삼성동 (Feat. Kid Wine, Milena (밀레나))",456427,16,5762,12,불안,2022-03-31 14:31:33
34748940,겨울봄,456333,18,5759,12,슬픔,2022-03-31 14:31:33
34752700,GANADARA (Feat. 아이유),466008,12,5711,2,편안해요,2022-03-17 14:48:33
34754292,TOMBOY,493585,15,5322,2,화나요,2021-06-08 12:07:54
34754297,ESCAPE,488903,15,5322,2,화나요,2021-06-08 12:07:54
34754298,LIAR,456715,7,5330,2,행복해요,2021-06-08 12:07:54
34754299,MY BAG,493585,14,5322,2,화나요,2021-06-08 12:07:54
34770628,안고쳐,454777,6,5330,2,행복해요,2021-06-08 12:07:54
34772324,Love Breeze,456334,7,5759,12,슬픔,2022-03-31 14:31:33
34772475,Feel My Rhythm,456715,2,5330,2,행복해요,2021-06-08 12:07:54
34772687,물어!,456422,6,5711,2,편안해요,2022-03-17 14:48:33
34774526,Sunset,454777,4,5330,2,행복해요,2021-06-08 12:07:54
34779264,난 니가 필요해,468779,7,5766,12,신남,2022-03-31 14:31:33
34787411,싸이월드,456198,10,5759,12,슬픔,2022-03-31 14:31:33
34790263,Am I A Monster,454777,5,5330,2,행복해요,2021-06-08 12:07:54
34794444,Touch The Floor,466118,17,5766,12,신남,2022-03-31 14:31:33
34794445,Songcry,456427,5,5762,12,불안,2022-03-31 14:31:33
34796907,이상해졌나봐,456334,3,5759,12,슬픔,2022-03-31 14:31:33
34800770,"Night Drive (Feat. JAEHA, Ourealgoat)",455981,9,5762,12,불안,2022-03-31 14:31:33
34800774,"Refresh (Feat. OLNL, B JYUN.)",455981,1,5762,12,불안,2022-03-31 14:31:33
34802069,면회 한 번 와줄래,456334,4,5759,12,슬픔,2022-03-31 14:31:33
34803496,이상기후,456427,15,5762,12,불안,2022-03-31 14:31:33
34803498,One Night (Feat. 래원),456427,9,5762,12,불안,2022-03-31 14:31:33
34847378,LOVE DIVE,493585,1,5322,2,화나요,2021-06-08 12:07:54
34850634,사랑인가 봐,466008,1,5711,2,편안해요,2022-03-17 14:48:33
34890162,다시 만날까 봐,466884,20,5711,2,편안해요,2022-03-17 14:48:33
34927767,정이라고 하자 (Feat. 10CM),493585,12,5322,2,화나요,2021-06-08 12:07:54
34943312,나의 X에게,493585,19,5322,2,화나요,2021-06-08 12:07:54
101721111,On the Atlas,460784,1,5766,12,신남,2022-03-31 14:31:33
